,x,y,z,yaw,pitch,robot_x,robot_y,robot_z
1998,55.99749144160888,-0.530049287274575,0,6.273720000000001,0,0.0,0.0,0.0
2001,55.99971590714901,-0.1783769004157274,0,6.28,0,0.0,0.0,0.0
2003,170.0,0.0,0,0.0,0,0.0,0.0,0.0
2005,176.99650971307096,1.1115526936564235,0,0.00628,0,0.0,0.0,0.0
2007,176.98603898993474,2.223061549597168,0,0.01256,0,0.0,0.0,0.0
2009,176.96858824353856,3.334482731835438,0,0.01884,0,0.0,0.0,0.0
2011,195.93816384052815,4.923002214333666,0,0.02512,0,0.0,0.0,0.0
2013,205.89845446373107,6.467337121788455,0,0.0314,0,0.0,0.0,0.0
2015,214.84739144919303,8.09928314588437,0,0.03768,0,0.0,0.0,0.0
2017,225.78166474333648,9.931760454602657,0,0.04396,0,0.0,0.0,0.0
2019,237.6997003180469,11.95209055817032,0,0.05024,0,0.0,0.0,0.0
2021,247.60398614977103,14.009498304506849,0,0.05652,0,0.0,0.0,0.0
2023,247.5111245422367,15.564164861546574,0,0.0628,0,0.0,0.0,0.0
2025,258.3822657045516,17.877493375260656,0,0.06908,0,0.0,0.0,0.0
2027,258.2649007092873,19.49977080947248,0,0.07536,0,0.0,0.0,0.0
2029,261.1273581103319,21.365927228147022,0,0.08164,0,0.0,0.0,0.0
2031,260.9880317636215,23.00537494045433,0,0.08792,0,0.0,0.0,0.0
2033,260.8384125003473,24.64391536056445,0,0.0942,0,0.0,0.0,0.0
2035,261.6734623518496,26.38179487440424,0,0.10048,0,0.0,0.0,0.0
2037,261.50262579466624,28.024573190233543,0,0.10676,0,0.0,0.0,0.0
2039,261.3214760262205,29.666246265367956,0,0.11304,0,0.0,0.0,0.0
2041,261.130020190746,31.306749355060862,0,0.11932,0,0.0,0.0,0.0
2043,260.92826583892963,32.94601776070784,0,0.1256,0,0.0,0.0,0.0
2045,260.71622092761413,34.58398683239828,0,0.13188,0,0.0,0.0,0.0
2047,260.4938938194841,36.22059197146505,0,0.13816,0,0.0,0.0,0.0
2049,260.26129328273606,37.85576863303216,0,0.1444399999999999,0,0.0,0.0,0.0
2051,260.01842849073284,39.489452328560304,0,0.15072,0,0.0,0.0,0.0
2053,260.753009816401,41.27793444066542,0,0.157,0,0.0,0.0,0.0
2055,261.47534367827063,43.077194062871165,0,0.16328,0,0.0,0.0,0.0
2057,263.17098283355057,45.055896333588194,0,0.16956,0,0.0,0.0,0.0
2059,262.88284416023873,46.7077107790955,0,0.17584,0,0.0,0.0,0.0
2061,262.5843378422395,48.35768315327604,0,0.1821199999999999,0,0.0,0.0,0.0
2063,267.1870014134014,50.94218561973004,0,0.1884,0,0.0,0.0,0.0
2065,268.8240371431583,53.0060096031936,0,0.19468,0,0.0,0.0,0.0
2067,269.46573601704046,54.89277833007417,0,0.20096,0,0.0,0.0,0.0
2069,269.11569800375617,56.58392959092812,0,0.20724,0,0.0,0.0,0.0
2071,268.7550465328093,58.27284927946744,0,0.21352,0,0.0,0.0,0.0
2073,268.38379582767,59.95947078762079,0,0.2198,0,0.0,0.0,0.0
2075,268.00196052982403,61.64372759795311,0,0.22608,0,0.0,0.0,0.0
2077,270.5289326694481,64.01637750395751,0,0.23236,0,0.0,0.0,0.0
2079,270.12157786464434,65.71402568641557,0,0.23864,0,0.0,0.0,0.0
2081,271.6438833847643,67.89403964741349,0,0.24492,0,0.0,0.0,0.0
2083,272.1807698753148,69.8471796859466,0,0.2512,0,0.0,0.0,0.0
2085,271.73676530069537,71.55508635949519,0,0.25748,0,0.0,0.0,0.0
2087,274.17829347703525,74.04230808139839,0,0.26376,0,0.0,0.0,0.0
2089,274.6716645061616,76.02944638371775,0,0.27004,0,0.0,0.0,0.0
2091,277.0749841855211,78.57132516760335,0,0.27632,0,0.0,0.0,0.0
2093,276.5760958277252,80.30979527238864,0,0.2826,0,0.0,0.0,0.0
2095,285.65193519635375,84.89388622614766,0,0.2888799999999999,0,0.0,0.0,0.0
2097,293.72397279132446,89.30413096649731,0,0.29516,0,0.0,0.0,0.0
2099,305.57118389836245,95.00658698718291,0,0.30144,0,0.0,0.0,0.0
2101,304.96852085435256,96.92368796072684,0,0.30772,0,0.0,0.0,0.0
2103,304.3538303793584,98.83696643165828,0,0.314,0,0.0,0.0,0.0
2105,342.64217610740934,113.65447264573028,0,0.32028,0,0.0,0.0,0.0
2107,354.2346429768453,119.9742377140481,0,0.32656,0,0.0,0.0,0.0
2109,361.98028874188697,125.13700716550696,0,0.3328399999999999,0,0.0,0.0,0.0
2111,361.1872955641396,127.40776084314048,0,0.33912,0,0.0,0.0,0.0
2113,360.3800577841703,129.67348977905272,0,0.3454,0,0.0,0.0,0.0
2115,359.55860723804085,131.9341046168134,0,0.35168,0,0.0,0.0,0.0
2117,369.0257249895614,138.04352319442083,0,0.35796,0,0.0,0.0,0.0
2119,362.5451718570432,138.22083187112935,0,0.3642399999999999,0,0.0,0.0,0.0
2121,356.07716658398687,138.3222738300656,0,0.37052,0,0.0,0.0,0.0
2123,343.1134781644992,135.77238711114916,0,0.3768000000000001,0,0.0,0.0,0.0
2125,326.48626471942487,131.57020540212602,0,0.38308,0,0.0,0.0,0.0
2127,325.6535712337643,133.61793121694262,0,0.38936,0,0.0,0.0,0.0
2129,282.3615300214772,117.93204129468138,0,0.39564,0,0.0,0.0,0.0
2131,281.6153537450535,119.70293452981176,0,0.40192,0,0.0,0.0,0.0
2133,280.8580710461643,121.46910688824434,0,0.4082,0,0.0,0.0,0.0
2135,264.5291722468001,116.38435045324076,0,0.41448,0,0.0,0.0,0.0
2137,261.96750948625214,117.22637917111663,0,0.42076,0,0.0,0.0,0.0
2139,261.2261668912835,118.86921271417286,0,0.4270400000000001,0,0.0,0.0,0.0
2141,260.4745219881136,120.50735826107764,0,0.43332,0,0.0,0.0,0.0
2143,259.71260442031723,122.140751206204,0,0.4396,0,0.0,0.0,0.0
2145,258.9404442366054,123.76932713135928,0,0.4458799999999999,0,0.0,0.0,0.0
2147,258.1580718896403,125.39302180832593,0,0.45216,0,0.0,0.0,0.0
2149,257.36551823483404,127.01177120139413,0,0.45844,0,0.0,0.0,0.0
2151,256.562814529132,128.6255114698876,0,0.46472,0,0.0,0.0,0.0
2153,255.74999242978,130.23417897068146,0,0.471,0,0.0,0.0,0.0
2155,254.9270839930756,131.8377102607117,0,0.47728,0,0.0,0.0,0.0
2157,254.0941216731044,133.43604209947785,0,0.48356,0,0.0,0.0,0.0
2159,253.25113832045952,135.0291114515366,0,0.48984,0,0.0,0.0,0.0
2161,252.3981671809463,136.61685548898816,0,0.49612,0,0.0,0.0,0.0
2163,251.5352418942713,138.1992115939538,0,0.5024,0,0.0,0.0,0.0
2165,250.6623964927152,139.77611736104575,0,0.50868,0,0.0,0.0,0.0
2167,249.77966539979096,141.34751059982787,0,0.5149600000000001,0,0.0,0.0,0.0
2169,248.8870834288862,142.91332933726878,0,0.52124,0,0.0,0.0,0.0
2171,247.98468578188988,144.4735118201857,0,0.52752,0,0.0,0.0,0.0
2173,247.0725080478045,146.0279965176801,0,0.5338,0,0.0,0.0,0.0
2175,246.1505862013421,147.5767221235641,0,0.5400800000000001,0,0.0,0.0,0.0
2177,245.2189566015058,149.11962755877852,0,0.5463600000000001,0,0.0,0.0,0.0
2179,244.27765599015564,150.6566519738016,0,0.55264,0,0.0,0.0,0.0
2181,243.32672149055963,152.18773475104894,0,0.55892,0,0.0,0.0,0.0
2183,242.3661906059297,153.71281550726397,0,0.5652,0,0.0,0.0,0.0
2185,241.3961012179425,155.23183409589942,0,0.57148,0,0.0,0.0,0.0
2187,240.4164915852458,156.74473060948952,0,0.5777599999999999,0,0.0,0.0,0.0
2189,239.427400341949,158.25144538201246,0,0.5840399999999999,0,0.0,0.0,0.0
2191,238.42886649610003,159.75191899124374,0,0.5903200000000001,0,0.0,0.0,0.0
2193,237.42092942814676,161.2460922610994,0,0.5966000000000001,0,0.0,0.0,0.0
2195,236.40362888938367,162.73390626396994,0,0.6028800000000001,0,0.0,0.0,0.0
2197,235.3770050003846,164.21530232304457,0,0.60916,0,0.0,0.0,0.0
2199,234.34109824942,165.69022201462482,0,0.61544,0,0.0,0.0,0.0
2201,233.2959494908605,167.15860717042926,0,0.62172,0,0.0,0.0,0.0
2203,232.2415999435653,168.62039987988695,0,0.628,0,0.0,0.0,0.0
2205,231.17809118925692,170.07554249242187,0,0.63428,0,0.0,0.0,0.0
2207,230.1054651708813,171.52397761972617,0,0.64056,0,0.0,0.0,0.0
2209,229.02376419095333,172.96564813802365,0,0.64684,0,0.0,0.0,0.0
2211,227.93303090988863,174.40049719032262,0,0.65312,0,0.0,0.0,0.0
2213,226.8333083443214,175.82846818865823,0,0.6594,0,0.0,0.0,0.0
2215,225.72463986540748,177.24950481632408,0,0.6656799999999999,0,0.0,0.0,0.0
2217,224.60706919711404,178.6635510300935,0,0.6719600000000001,0,0.0,0.0,0.0
2219,223.48064041449533,180.0705510624295,0,0.6782400000000001,0,0.0,0.0,0.0
2221,222.34539794195425,181.47044942368444,0,0.6845200000000001,0,0.0,0.0,0.0
2223,221.2013865514904,182.86319090428813,0,0.6908000000000001,0,0.0,0.0,0.0
2225,232.31617199429644,194.520426253688,0,0.69708,0,0.0,0.0,0.0
2227,231.09001067298576,195.9755264495017,0,0.7033600000000001,0,0.0,0.0,0.0
2229,229.8547355613509,197.42289770951453,0,0.70964,0,0.0,0.0,0.0
2231,228.6103953765059,198.86248295190737,0,0.71592,0,0.0,0.0,0.0
2233,227.35703919307525,200.29422540192823,0,0.7222000000000001,0,0.0,0.0,0.0
2235,226.09471644125915,201.7180685941312,0,0.7284799999999999,0,0.0,0.0,0.0
2237,224.82347690488345,203.1339563746036,0,0.73476,0,0.0,0.0,0.0
2239,223.54337071943675,204.5418329031801,0,0.74104,0,0.0,0.0,0.0
2241,222.254448370093,205.9416426556457,0,0.7473200000000001,0,0.0,0.0,0.0
2243,220.9567606897202,207.3333304259248,0,0.7536000000000002,0,0.0,0.0,0.0
2245,219.65035885687612,208.71684132825877,0,0.75988,0,0.0,0.0,0.0
2247,225.54107968731373,217.02585415908584,0,0.7661600000000001,0,0.0,0.0,0.0
2249,224.1737188067148,218.4379632673038,0,0.7724400000000001,0,0.0,0.0,0.0
2251,224.221143208466,221.2461953080518,0,0.77872,0,0.0,0.0,0.0
2253,222.8273047876679,222.6499320481903,0,0.785,0,0.0,0.0,0.0
2255,223.53348490474008,226.17864869687045,0,0.79128,0,0.0,0.0,0.0
2257,222.10868444029296,227.57796970753205,0,0.79756,0,0.0,0.0,0.0
2259,222.0630182576041,230.4083677350347,0,0.80384,0,0.0,0.0,0.0
2261,220.6116843285256,231.7983708694497,0,0.81012,0,0.0,0.0,0.0
2263,219.1516498561905,233.17923227703977,0,0.8164,0,0.0,0.0,0.0
2265,220.40400957710608,237.48278371775697,0,0.8226800000000001,0,0.0,0.0,0.0
2267,218.90828132189569,238.86222884477525,0,0.8289600000000001,0,0.0,0.0,0.0
2269,220.0879187113724,243.19808395070947,0,0.8352400000000001,0,0.0,0.0,0.0
2271,218.55630483965825,244.5754313393608,0,0.84152,0,0.0,0.0,0.0
2273,217.0160714852996,245.94313309602148,0,0.8478000000000001,0,0.0,0.0,0.0
2275,219.40875401546825,251.8249365360384,0,0.8540800000000002,0,0.0,0.0,0.0
2277,218.47514186073397,253.95592607563265,0,0.86036,0,0.0,0.0,0.0
2279,218.170783082556,256.8472491757393,0,0.8666400000000001,0,0.0,0.0,0.0
2281,216.55349082090612,258.2122878820443,0,0.8729199999999999,0,0.0,0.0,0.0
2283,216.84096065817528,261.87782987652787,0,0.8792,0,0.0,0.0,0.0
2285,216.4579386790367,264.78285590804853,0,0.88548,0,0.0,0.0,0.0
2287,216.0469317228325,267.69333815608815,0,0.8917599999999999,0,0.0,0.0,0.0
2289,214.36156835061144,269.0448252880292,0,0.89804,0,0.0,0.0,0.0
2291,213.28597113508636,271.1717067043742,0,0.90432,0,0.0,0.0,0.0
2293,211.57881819571983,272.50578652737363,0,0.9106,0,0.0,0.0,0.0
2295,210.4716204347391,274.6228267853478,0,0.91688,0,0.0,0.0,0.0
2297,208.7428501002841,275.9391645490185,0,0.92316,0,0.0,0.0,0.0
2299,207.00584730886604,277.24461974930813,0,0.92944,0,0.0,0.0,0.0
2301,205.26068056487057,278.53914090132133,0,0.93572,0,0.0,0.0,0.0
2303,201.74290350366164,277.39646876972364,0,0.942,0,0.0,0.0,0.0
2305,198.8307243287528,277.03310824322693,0,0.94828,0,0.0,0.0,0.0
2307,194.7751755547028,275.01205607688314,0,0.95456,0,0.0,0.0,0.0
2309,193.0442703966825,276.2298131393723,0,0.96084,0,0.0,0.0,0.0
2311,191.30575190653008,277.4366761758026,0,0.96712,0,0.0,0.0,0.0
2313,189.55968864840796,278.63259758958327,0,0.9734,0,0.0,0.0,0.0
2315,187.80614948403084,279.81753021564225,0,0.97968,0,0.0,0.0,0.0
2317,164.5147497443479,248.4731315787576,0,0.98596,0,0.0,0.0,0.0
2319,162.951104646109,249.50137774091115,0,0.99224,0,0.0,0.0,0.0
2321,161.3810330381456,250.51978400026803,0,0.9985200000000002,0,0.0,0.0,0.0
2323,124.41163244025842,195.82069786810084,0,1.0048,0,0.0,0.0,0.0
2325,123.17943325108612,196.5981363694509,0,1.01108,0,0.0,0.0,0.0
2327,89.87994098861391,145.47369593120015,0,1.01736,0,0.0,0.0,0.0
2329,88.96459982843483,146.0352696349976,0,1.02364,0,0.0,0.0,0.0
2331,71.56935238658197,119.15883433033932,0,1.0299200000000002,0,0.0,0.0,0.0
2333,67.25317242645876,113.58261662145756,0,1.0362,0,0.0,0.0,0.0
2335,66.53855210822836,114.00272401719434,0,1.04248,0,0.0,0.0,0.0
2337,61.832137465522905,107.48389077645396,0,1.04876,0,0.0,0.0,0.0
2339,60.16953792436001,106.1302346457832,0,1.05504,0,0.0,0.0,0.0
2341,60.47729823456388,108.25200413039758,0,1.06132,0,0.0,0.0,0.0
2343,60.278515682576,109.50571011187242,0,1.0676,0,0.0,0.0,0.0
2345,61.97322113126073,114.2773812380029,0,1.0738800000000002,0,0.0,0.0,0.0
2347,63.61027806045203,119.07448309806756,0,1.0801600000000002,0,0.0,0.0,0.0
2349,66.12071263161855,125.66642893425006,0,1.08644,0,0.0,0.0,0.0
2351,65.33022880199658,126.07918624689316,0,1.09272,0,0.0,0.0,0.0
2353,64.53716846114685,126.48697121449922,0,1.0990000000000002,0,0.0,0.0,0.0
2355,72.71924779951829,144.76156603004907,0,1.10528,0,0.0,0.0,0.0
2357,76.68461772899396,155.0756892738448,0,1.11156,0,0.0,0.0,0.0
2359,80.08549310094865,164.5457802399621,0,1.11784,0,0.0,0.0,0.0
2361,79.0505731766249,165.04546913031896,0,1.12412,0,0.0,0.0,0.0
2363,90.37517789342895,191.77154956022824,0,1.1304,0,0.0,0.0,0.0
2365,96.31942898097688,207.75843569101727,0,1.13668,0,0.0,0.0,0.0
2367,102.06616834180086,223.8269360019548,0,1.14296,0,0.0,0.0,0.0
2369,107.61460916493245,239.97519849825903,0,1.14924,0,0.0,0.0,0.0
2371,106.1054527572194,240.64628169823337,0,1.15552,0,0.0,0.0,0.0
2373,104.59211173397118,241.30787422508303,0,1.1618,0,0.0,0.0,0.0
2375,117.18372276746528,275.0799431408219,0,1.1680799999999998,0,0.0,0.0,0.0
2377,117.77072241451194,281.3450851569367,0,1.1743599999999998,0,0.0,0.0,0.0
2379,116.00156455651044,282.07913255049857,0,1.18064,0,0.0,0.0,0.0
2381,114.22783179744096,282.802055230961,0,1.1869200000000002,0,0.0,0.0,0.0
2383,112.4495940902556,283.513824687504,0,1.1932000000000005,0,0.0,0.0,0.0
2385,110.66692156557396,284.21441284917114,0,1.19948,0,0.0,0.0,0.0
2387,108.87988452891696,284.9037920859772,0,1.2057600000000002,0,0.0,0.0,0.0
2389,107.08855345793448,285.58193520999737,0,1.21204,0,0.0,0.0,0.0
2391,105.29299899962558,286.24881547643974,0,1.21832,0,0.0,0.0,0.0
2393,103.49329196755257,286.9044065847001,0,1.2246,0,0.0,0.0,0.0
2395,101.68950333904796,287.54868267939906,0,1.23088,0,0.0,0.0,0.0
2397,99.88170425241536,288.1816183514018,0,1.23716,0,0.0,0.0,0.0
2399,98.069966004124,288.8031886388202,0,1.24344,0,0.0,0.0,0.0
2401,96.25436004599683,289.4133690279971,0,1.24972,0,0.0,0.0,0.0
2403,94.4349579823924,290.01213545447337,0,1.256,0,0.0,0.0,0.0
2405,92.61183156738127,290.5994643039368,0,1.26228,0,0.0,0.0,0.0
2407,90.78505270191609,291.1753324131533,0,1.26856,0,0.0,0.0,0.0
2409,88.95469343099549,291.7397170708809,0,1.27484,0,0.0,0.0,0.0
2411,87.1208259408234,292.29259601876464,0,1.28112,0,0.0,0.0,0.0
2413,85.28352255596171,292.8339474522152,0,1.2874,0,0.0,0.0,0.0
2415,83.4428557364782,293.36375002126846,0,1.29368,0,0.0,0.0,0.0
2417,81.5988980750884,293.8819828314273,0,1.29996,0,0.0,0.0,0.0
2419,79.75172229429324,294.3886254444861,0,1.30624,0,0.0,0.0,0.0
2421,77.9014012435106,294.8836578793365,0,1.31252,0,0.0,0.0,0.0
2423,76.04800789620246,295.3670606127554,0,1.3188,0,0.0,0.0,0.0
2425,74.19161534699666,295.8388145801752,0,1.32508,0,0.0,0.0,0.0
2427,72.33229680880457,296.2989011764353,0,1.33136,0,0.0,0.0,0.0
2429,70.47012560993328,296.74730225651626,0,1.3376400000000002,0,0.0,0.0,0.0
2431,68.60517519119422,297.1840001362549,0,1.3439200000000002,0,0.0,0.0,0.0
2433,66.73751910300624,297.6089775930422,0,1.3502,0,0.0,0.0,0.0
2435,64.86723100249503,298.0222178665023,0,1.35648,0,0.0,0.0,0.0
2437,62.99438465058844,298.42370465915354,0,1.3627600000000002,0,0.0,0.0,0.0
2439,61.11905390910729,298.8134221370513,0,1.3690400000000005,0,0.0,0.0,0.0
2441,59.2413127378525,299.1913549304124,0,1.37532,0,0.0,0.0,0.0
2443,57.361235191687946,299.5574881342208,0,1.3816000000000002,0,0.0,0.0,0.0
2445,55.47889541762032,299.9118073088166,0,1.3878800000000002,0,0.0,0.0,0.0
2447,53.59436765187463,300.2542984804642,0,1.39416,0,0.0,0.0,0.0
2449,51.70772621696633,300.58494814190425,0,1.40044,0,0.0,0.0,0.0
2451,48.02229305743781,290.0514771027818,0,1.4067200000000002,0,0.0,0.0,0.0
2453,46.19983479611366,290.34733555659125,0,1.413,0,0.0,0.0,0.0
2455,44.375554493213045,290.63174321367563,0,1.41928,0,0.0,0.0,0.0
2457,42.54952409519592,290.90468885748874,0,1.42556,0,0.0,0.0,0.0
2459,40.72181561754272,291.1661617235266,0,1.43184,0,0.0,0.0,0.0
2461,38.89250114191466,291.41615149975155,0,1.43812,0,0.0,0.0,0.0
2463,37.06165281331063,291.6546483269993,0,1.4444,0,0.0,0.0,0.0
2465,35.22934283722205,291.88164279936734,0,1.4506800000000002,0,0.0,0.0,0.0
2467,33.39564347678532,292.0971259645864,0,1.4569599999999998,0,0.0,0.0,0.0
2469,31.560627049931348,292.3010893243731,0,1.46324,0,0.0,0.0,0.0
2471,29.72436592653428,292.4935248347653,0,1.46952,0,0.0,0.0,0.0
2473,27.886932525556784,292.6744249064394,0,1.4758,0,0.0,0.0,0.0
2475,26.048399312194157,292.8437824050094,0,1.48208,0,0.0,0.0,0.0
2477,24.20883879501643,293.00159065130845,0,1.48836,0,0.0,0.0,0.0
2479,21.911827124677696,287.1652343722308,0,1.4946400000000002,0,0.0,0.0,0.0
2481,20.10800922436844,287.2971770920012,0,1.5009200000000005,0,0.0,0.0,0.0
2483,18.30339829895449,287.4177893080208,0,1.5072000000000003,0,0.0,0.0,0.0
2485,16.4980655191696,287.5270662635523,0,1.51348,0,0.0,0.0,0.0
2487,14.69208208421582,287.6250036489016,0,1.51976,0,0.0,0.0,0.0
2489,12.840777832779354,286.7125989988044,0,1.52604,0,0.0,0.0,0.0
2491,11.001514503250853,285.7883249515885,0,1.53232,0,0.0,0.0,0.0
2493,9.20655867919566,285.8517785099238,0,1.5386000000000002,0,0.0,0.0,0.0
2495,7.411239764389965,285.90395856852825,0,1.5448800000000005,0,0.0,0.0,0.0
2497,5.615628563106686,285.9448630695107,0,1.55116,0,0.0,0.0,0.0
2499,3.806439961456308,284.97457959407507,0,1.55744,0,0.0,0.0,0.0
2501,2.016736305303496,284.99286442764645,0,1.56372,0,0.0,0.0,0.0
2503,0.22695311255898,284.99990963557286,0,1.57,0,0.0,0.0,0.0
2505,-1.5628390308237532,284.9957149400035,0,1.57628,0,0.0,0.0,0.0
2507,-3.352569538538158,284.98028050636987,0,1.58256,0,0.0,0.0,0.0
2509,-5.1421678267086826,284.95360694337944,0,1.58884,0,0.0,0.0,0.0
2511,-6.882920767083398,282.91628691490007,0,1.59512,0,0.0,0.0,0.0
2513,-8.659487645225472,282.8674835920916,0,1.6014000000000002,0,0.0,0.0,0.0
2515,-10.43571300815234,282.8075244649822,0,1.60768,0,0.0,0.0,0.0
2517,-12.211526804607995,282.7364118982561,0,1.61396,0,0.0,0.0,0.0
2519,-13.986858999567664,282.6541486964701,0,1.62024,0,0.0,0.0,0.0
2521,-15.761639577000338,282.5607381039424,0,1.62652,0,0.0,0.0,0.0
2523,-17.473834590182214,281.45810541662314,0,1.6328,0,0.0,0.0,0.0
2525,-19.24103530504557,281.3428203462637,0,1.63908,0,0.0,0.0,0.0
2527,-21.007477186756088,281.2164396016846,0,1.6453600000000002,0,0.0,0.0,0.0
2529,-22.69233492958242,280.0822342374533,0,1.6516400000000002,0,0.0,0.0,0.0
2531,-24.45079232592117,279.93420433136544,0,1.6579200000000005,0,0.0,0.0,0.0
2533,-26.208285425301,279.77513430443736,0,1.6642,0,0.0,0.0,0.0
2535,-27.96474491523397,279.6050304301156,0,1.6704800000000002,0,0.0,0.0,0.0
2537,-29.72010152399568,279.423899417003,0,1.67676,0,0.0,0.0,0.0
2539,-31.474286023357685,279.23174840859315,0,1.68304,0,0.0,0.0,0.0
2541,-33.227229231317345,279.0285849829897,0,1.6893200000000002,0,0.0,0.0,0.0
2543,-34.978862014826454,278.8144171526066,0,1.6956000000000002,0,0.0,0.0,0.0
2545,-36.59840669717063,277.5978325333764,0,1.7018800000000005,0,0.0,0.0,0.0
2547,-38.34098793765167,277.36252206086687,0,1.7081600000000003,0,0.0,0.0,0.0
2549,-40.08205707588349,277.1162728902177,0,1.71444,0,0.0,0.0,0.0
2551,-41.8215454471109,276.8590947330704,0,1.72072,0,0.0,0.0,0.0
2553,-43.55938444892108,276.5909977320865,0,1.727,0,0.0,0.0,0.0
2555,-45.13373588129261,275.3251639160462,0,1.7332800000000002,0,0.0,0.0,0.0
2557,-46.8618765473597,275.036296743648,0,1.7395600000000002,0,0.0,0.0,0.0
2559,-48.58816906206867,274.73658261541334,0,1.7458399999999998,0,0.0,0.0,0.0
2561,-50.13221363968891,273.44242749724225,0,1.75212,0,0.0,0.0,0.0
2563,-51.84843223310431,273.1222072167864,0,1.7584,0,0.0,0.0,0.0
2565,-53.36993476937548,271.8099521038783,0,1.76468,0,0.0,0.0,0.0
2567,-55.07583763964647,271.4694312593801,0,1.77096,0,0.0,0.0,0.0
2569,-56.36960763136737,269.16067197026706,0,1.7772400000000002,0,0.0,0.0,0.0
2571,-58.05881398080351,268.8013655455315,0,1.7835199999999998,0,0.0,0.0,0.0
2573,-58.65944458028967,263.55088609513706,0,1.7897999999999998,0,0.0,0.0,0.0
2575,-59.64322792403093,260.2531178733544,0,1.79608,0,0.0,0.0,0.0
2577,-61.2764306484704,259.8734288975754,0,1.80236,0,0.0,0.0,0.0
2579,-62.907216736469735,259.4834909632419,0,1.80864,0,0.0,0.0,0.0
2581,-64.53552187264629,259.0833194488314,0,1.81492,0,0.0,0.0,0.0
2583,-59.47081513659489,232.51499338104836,0,1.8212,0,0.0,0.0,0.0
2585,-56.36008996024588,214.72666406311305,0,1.82748,0,0.0,0.0,0.0
2587,-57.707453174674725,214.36849080052025,0,1.8337600000000005,0,0.0,0.0,0.0
2589,-38.570353033826514,139.77599173980485,0,1.84004,0,0.0,0.0,0.0
2591,-32.918158414468365,116.4362265216456,0,1.84632,0,0.0,0.0,0.0
2593,-29.477394572435525,101.81887452344456,0,1.8526,0,0.0,0.0,0.0
2595,-27.275077705137,92.04384898611498,0,1.85888,0,0.0,0.0,0.0
2597,-27.85257143636761,91.8707475989068,0,1.86516,0,0.0,0.0,0.0
2599,-24.875345871560643,80.23227011477508,0,1.87144,0,0.0,0.0,0.0
2601,-25.37871069568321,80.07447185854437,0,1.87772,0,0.0,0.0,0.0
2603,-25.881074627351374,79.9135156036416,0,1.884,0,0.0,0.0,0.0
2605,-22.92757742091237,69.30603288032052,0,1.89028,0,0.0,0.0,0.0
2607,-22.4022671701008,66.31846217788394,0,1.89656,0,0.0,0.0,0.0
2609,-21.84037536648232,63.34033473112652,0,1.90284,0,0.0,0.0,0.0
2611,-22.23771938066771,63.201929058745314,0,1.90912,0,0.0,0.0,0.0
2613,-22.634186377663447,63.06103081159706,0,1.9154,0,0.0,0.0,0.0
2615,-21.654849633646325,59.16136820040733,0,1.92168,0,0.0,0.0,0.0
2617,-21.326716947692628,57.15042558225616,0,1.92796,0,0.0,0.0,0.0
2619,-20.974208594971376,55.14601140440375,0,1.93424,0,0.0,0.0,0.0
2621,-21.32010967697625,55.01320680856283,0,1.94052,0,0.0,0.0,0.0
2623,-21.66516993073109,54.87823258699706,0,1.9468,0,0.0,0.0,0.0
2625,-22.009375747656264,54.74109406285629,0,1.95308,0,0.0,0.0,0.0
2627,-22.35271355286971,54.60179664464673,0,1.95936,0,0.0,0.0,0.0
2629,-22.695169805722244,54.46034582601761,0,1.9656400000000005,0,0.0,0.0,0.0
2631,-23.036731000331528,54.31674718554458,0,1.97192,0,0.0,0.0,0.0
2633,-23.37738366611486,54.17100638650962,0,1.9782,0,0.0,0.0,0.0
2635,-23.71711436832028,54.02312917667779,0,1.98448,0,0.0,0.0,0.0
2637,-24.055909708556506,53.87312138807048,0,1.9907600000000003,0,0.0,0.0,0.0
2639,-24.3937563253213,53.7209889367354,0,1.9970400000000004,0,0.0,0.0,0.0
2641,-24.730640894528413,53.566737822513325,0,2.00332,0,0.0,0.0,0.0
2643,-25.066550130033157,53.41037412880137,0,2.0096,0,0.0,0.0,0.0
2645,-25.401470784156288,53.251904022313184,0,2.01588,0,0.0,0.0,0.0
2647,-25.735389648206446,53.09133375283567,0,2.02216,0,0.0,0.0,0.0
2649,-26.06829355300123,52.928669652982535,0,2.02844,0,0.0,0.0,0.0
2651,-26.400169369386383,52.763918137944536,0,2.03472,0,0.0,0.0,0.0
2653,-26.731004008753747,52.59708570523647,0,2.041,0,0.0,0.0,0.0
2655,-27.060784423557383,52.42817893444092,0,2.04728,0,0.0,0.0,0.0
2657,-27.38949760782809,52.25720448694877,0,2.05356,0,0.0,0.0,0.0
2659,-27.71713059768646,52.08416910569653,0,2.0598400000000003,0,0.0,0.0,0.0
2661,-28.04367047185401,51.90907961490036,0,2.06612,0,0.0,0.0,0.0
2663,-28.36910435216292,51.73194291978691,0,2.0724,0,0.0,0.0,0.0
2665,-28.69341940406382,51.55276600632107,0,2.07868,0,0.0,0.0,0.0
2667,-29.01660283713203,51.3715559409304,0,2.08496,0,0.0,0.0,0.0
2669,-29.338641905571883,51.18831987022646,0,2.09124,0,0.0,0.0,0.0
2671,-29.659523908719567,51.00306502072294,0,2.0975200000000003,0,0.0,0.0,0.0
2673,-29.979236191543823,50.81579869855072,0,2.1038,0,0.0,0.0,0.0
2675,-30.29776614514528,50.62652828916959,0,2.11008,0,0.0,0.0,0.0
2677,-30.615101207253428,50.43526125707717,0,2.11636,0,0.0,0.0,0.0
2679,-30.931228862722342,50.24200514551437,0,2.12264,0,0.0,0.0,0.0
2681,-14.828675017502936,23.75100834123226,0,2.1289200000000004,0,0.0,0.0,0.0
2683,-14.977537960825892,23.657416524887484,0,2.1352,0,0.0,0.0,0.0
2685,-15.125810215957058,23.5628917009532,0,2.14148,0,0.0,0.0,0.0
2687,-15.273485935295152,23.467437597324963,0,2.1477600000000003,0,0.0,0.0,0.0
2689,-14.319090773710546,21.70169669436557,0,2.15404,0,0.0,0.0,0.0
2691,-14.455094173044866,21.6113454566902,0,2.1603200000000005,0,0.0,0.0,0.0
2693,-14.59052748846674,21.52014190492936,0,2.1666,0,0.0,0.0,0.0
2695,-14.725385378720484,21.42808963599333,0,2.17288,0,0.0,0.0,0.0
2697,-14.859662525244138,21.33519228026443,0,2.17916,0,0.0,0.0,0.0
2699,-14.993353632379309,21.241453501453663,0,2.1854400000000003,0,0.0,0.0,0.0
2701,-15.126453427579944,21.14687699645636,0,2.19172,0,0.0,0.0,0.0
2703,-15.258956661620353,21.051466495206263,0,2.1980000000000004,0,0.0,0.0,0.0
2705,-15.390858108802137,20.95522576052856,0,2.20428,0,0.0,0.0,0.0
2707,-15.52215256716039,20.858158587991323,0,2.21056,0,0.0,0.0,0.0
2709,-15.652834858668742,20.760268805755977,0,2.21684,0,0.0,0.0,0.0
2711,-15.782899829443664,20.661560274426208,0,2.22312,0,0.0,0.0,0.0
2713,-15.912342349947648,20.562036886895772,0,2.2294,0,0.0,0.0,0.0
2715,-16.041157315191587,20.46170256819494,0,2.23568,0,0.0,0.0,0.0
2717,-16.169339644936052,20.360561275335687,0,2.24196,0,0.0,0.0,0.0
2719,-16.296884283891657,20.25861699715568,0,2.24824,0,0.0,0.0,0.0
2721,-16.423786201918457,20.15587375416092,0,2.2545200000000003,0,0.0,0.0,0.0
2723,-16.550040394224272,20.052335598367208,0,2.2608,0,0.0,0.0,0.0
2725,-16.67564188156215,19.948006613140333,0,2.26708,0,0.0,0.0,0.0
2727,-16.800585710426667,19.842890913035006,0,2.27336,0,0.0,0.0,0.0
2729,-16.924866953249325,19.73699264363264,0,2.27964,0,0.0,0.0,0.0
2731,-11.802794336718126,13.590218756338492,0,2.28592,0,0.0,0.0,0.0
2733,-11.88790760862315,13.515829707747868,0,2.2922,0,0.0,0.0,0.0
2735,-11.972552042013591,13.440907618210764,0,2.29848,0,0.0,0.0,0.0
2737,-12.05672429865941,13.365455442524798,0,2.30476,0,0.0,0.0,0.0
2739,-11.465953222343918,12.55117192548254,0,2.31104,0,0.0,0.0,0.0
2741,-11.54454796525722,12.478918714290728,0,2.31732,0,0.0,0.0,0.0
2743,-11.622687411166398,12.40617335612856,0,2.3236,0,0.0,0.0,0.0
2745,-11.700368478386864,12.332938719947126,0,2.32988,0,0.0,0.0,0.0
2747,-11.084788803116863,11.53808724140596,0,2.33616,0,0.0,0.0,0.0
2749,-11.157028932265783,11.468247704186732,0,2.3424400000000003,0,0.0,0.0,0.0
2751,-11.228829047490969,11.397955879113724,0,2.34872,0,0.0,0.0,0.0
2753,-11.300186317120083,11.327214538374916,0,2.355,0,0.0,0.0,0.0
2755,-11.371097926945833,11.256026471886438,0,2.3612800000000003,0,0.0,0.0,0.0
2757,-11.44156108033696,11.18439448718251,0,2.36756,0,0.0,0.0,0.0
2759,-10.7920996859518,10.417801321223164,0,2.3738400000000004,0,0.0,0.0,0.0
2761,-10.857310237342263,10.349821950647408,0,2.38012,0,0.0,0.0,0.0
2763,-10.922092595195942,10.281434400995124,0,2.3864000000000005,0,0.0,0.0,0.0
2765,-10.986444204608684,10.212641369352998,0,2.3926800000000004,0,0.0,0.0,0.0
2767,-11.050362527664316,10.143445568799208,0,2.39896,0,0.0,0.0,0.0
2769,-10.37292204063242,9.402259746410015,0,2.40524,0,0.0,0.0,0.0
2771,-10.431763298674031,9.336932819745329,0,2.4115200000000003,0,0.0,0.0,0.0
2773,-10.490193146014082,9.271237660599535,0,2.4178,0,0.0,0.0,0.0
2775,-10.548209278280453,9.205176859876088,0,2.42408,0,0.0,0.0,0.0
2777,-10.605809407417231,9.1387530228987,0,2.43036,0,0.0,0.0,0.0
2779,-10.66299126177496,9.071968769308612,0,2.43664,0,0.0,0.0,0.0
2781,-10.719752586200194,9.004826732961288,0,2.44292,0,0.0,0.0,0.0
2783,-10.776091142124482,8.937329561822496,0,2.4492000000000003,0,0.0,0.0,0.0
2785,-10.832004707652612,8.869479917863934,0,2.45548,0,0.0,0.0,0.0
2787,-10.1098131435324,8.172617585746902,0,2.46176,0,0.0,0.0,0.0
2789,-10.160937487843082,8.108967219575197,0,2.46804,0,0.0,0.0,0.0
2791,-10.211661102353762,8.044997049761744,0,2.47432,0,0.0,0.0,0.0
2793,-10.261981986612808,7.980709599179402,0,2.4806,0,0.0,0.0,0.0
2795,-10.311898156051589,7.916107403214022,0,2.48688,0,0.0,0.0,0.0
2797,-10.361407642062709,7.851193009664487,0,2.49316,0,0.0,0.0,0.0
2799,-10.410508492077676,7.7859689786421935,0,2.49944,0,0.0,0.0,0.0
2801,-9.654645018132824,7.126558045357031,0,2.50572,0,0.0,0.0,0.0
2803,-9.69920912723172,7.065786743613543,0,2.512,0,0.0,0.0,0.0
2805,-9.743390716298542,7.004736779461982,0,2.5182800000000003,0,0.0,0.0,0.0
2807,-9.787188042887824,6.943410560607344,0,2.52456,0,0.0,0.0,0.0
2809,-9.830599379708774,6.88181050564962,0,2.5308400000000004,0,0.0,0.0,0.0
2811,-9.873623014693337,6.819939043988448,0,2.53712,0,0.0,0.0,0.0
2813,-9.91625725106378,6.75779861572724,0,2.5434000000000005,0,0.0,0.0,0.0
2815,-9.958500407399544,6.695391671577035,0,2.54968,0,0.0,0.0,0.0
2817,-10.000350817703625,6.632720672759746,0,2.55596,0,0.0,0.0,0.0
2819,-10.041806831468207,6.569788090911183,0,2.56224,0,0.0,0.0,0.0
2821,-9.242627912594845,5.964380040651559,0,2.5685200000000004,0,0.0,0.0,0.0
2823,-9.279901716418475,5.906219106468484,0,2.5748,0,0.0,0.0,0.0
2825,-9.316809536969082,5.847825241219334,0,2.5810800000000005,0,0.0,0.0,0.0
2827,-9.35334991866604,5.789200747857167,0,2.58736,0,0.0,0.0,0.0
2829,-9.389521420419907,5.730347938430588,0,2.59364,0,0.0,0.0,0.0
2831,-9.425322615689216,5.671269133992618,0,2.59992,0,0.0,0.0,0.0
2833,-9.460752092536747,5.611966664509116,0,2.6062000000000003,0,0.0,0.0,0.0
2835,-9.495808453685209,5.552442868766912,0,2.61248,0,0.0,0.0,0.0
2837,-9.530490316572354,5.4927000942815525,0,2.6187600000000004,0,0.0,0.0,0.0
2839,-9.564796313405497,5.4327406972047365,0,2.6250400000000003,0,0.0,0.0,0.0
2841,-9.598725091215458,5.372567042231376,0,2.63132,0,0.0,0.0,0.0
2843,-8.756613919918113,4.829255911369403,0,2.6376,0,0.0,0.0,0.0
2845,-8.786768774842022,4.7741695086644365,0,2.64388,0,0.0,0.0,0.0
2847,-8.81657709480318,4.718894820971529,0,2.65016,0,0.0,0.0,0.0
2849,-8.846037704213007,4.663434028228756,0,2.65644,0,0.0,0.0,0.0
2851,-8.875149441196022,4.6077893177138565,0,2.66272,0,0.0,0.0,0.0
2853,-8.903911157635676,4.551962883957966,0,2.669,0,0.0,0.0,0.0
2855,-8.932321719219614,4.495956928659078,0,2.6752800000000003,0,0.0,0.0,0.0
2857,-8.960380005484424,4.439773660595204,0,2.68156,0,0.0,0.0,0.0
2859,-8.988084909859834,4.383415295537255,0,2.6878400000000005,0,0.0,0.0,0.0
2861,-9.015435339712324,4.326884056161678,0,2.69412,0,0.0,0.0,0.0
2863,-9.042430216388256,4.270182171962765,0,2.7004,0,0.0,0.0,0.0
2865,-9.06906847525638,4.213311879164766,0,2.70668,0,0.0,0.0,0.0
2867,-9.095349065749842,4.1562754206336585,0,2.7129600000000003,0,0.0,0.0,0.0
2869,-9.121270951407604,4.099075045788724,0,2.71924,0,0.0,0.0,0.0
2871,-9.146833109915336,4.041713010513802,0,2.7255200000000004,0,0.0,0.0,0.0
2873,-9.172034533145714,3.9841915770683634,0,2.7318,0,0.0,0.0,0.0
2875,-9.1968742271982,3.926513013998232,0,2.7380800000000005,0,0.0,0.0,0.0
2877,-9.22135121243822,3.8686795960461984,0,2.74436,0,0.0,0.0,0.0
2879,-9.245464523535814,3.810693604062216,0,2.75064,0,0.0,0.0,0.0
2881,-9.269213209503697,3.752557324913528,0,2.75692,0,0.0,0.0,0.0
2883,-9.292596333734773,3.694273051394424,0,2.7632000000000003,0,0.0,0.0,0.0
2885,-9.31561297403906,3.635843082135852,0,2.76948,0,0.0,0.0,0.0
2887,-9.338262222680086,3.577269721514718,0,2.7757600000000004,0,0.0,0.0,0.0
2889,-9.360543186410643,3.518555279563081,0,2.78204,0,0.0,0.0,0.0
2891,-9.382454986508078,3.4597020718769578,0,2.78832,0,0.0,0.0,0.0
2893,-9.403996758808878,3.4007124195250777,0,2.7946,0,0.0,0.0,0.0
2895,-9.425167653742813,3.341588648957292,0,2.8008800000000003,0,0.0,0.0,0.0
2897,-9.445966836366395,3.2823330919128595,0,2.80716,0,0.0,0.0,0.0
2899,-9.466393486395845,3.222948085328452,0,2.8134400000000004,0,0.0,0.0,0.0
2901,-9.486446798239408,3.1634359712460274,0,2.81972,0,0.0,0.0,0.0
2903,-9.506125981029156,3.1037990967204165,0,2.826,0,0.0,0.0,0.0
2905,-9.525430258652154,3.04403981372681,0,2.8322800000000004,0,0.0,0.0,0.0
2907,-9.544358869781082,2.984160479067972,0,2.83856,0,0.0,0.0,0.0
2909,-9.562911067904258,2.924163454281286,0,2.8448400000000005,0,0.0,0.0,0.0
2911,-9.58108612135507,2.864051105545649,0,2.85112,0,0.0,0.0,0.0
2913,-9.598883313340856,2.803825803588105,0,2.8574000000000006,0,0.0,0.0,0.0
2915,-9.616301941971134,2.7434899235904204,0,2.86368,0,0.0,0.0,0.0
2917,-9.63334132028533,2.683045845095327,0,2.86996,0,0.0,0.0,0.0
2919,-9.650000776279828,2.622495951912737,0,2.87624,0,0.0,0.0,0.0
2921,-9.666279652934502,2.5618426320257166,0,2.88252,0,0.0,0.0,0.0
2923,-9.68217730823861,2.501088277496288,0,2.8888000000000003,0,0.0,0.0,0.0
2925,-9.697693115216124,2.4402352843711195,0,2.89508,0,0.0,0.0,0.0
2927,-9.712826461950453,2.379286052587,0,2.9013600000000004,0,0.0,0.0,0.0
2929,-9.72757675160858,2.318242985876221,0,2.90764,0,0.0,0.0,0.0
2931,-9.741943402464583,2.257108491671752,0,2.91392,0,0.0,0.0,0.0
2933,-9.75592584792262,2.195884981012288,0,2.9202000000000004,0,0.0,0.0,0.0
2935,-9.769523536539207,2.1345748684472228,0,2.92648,0,0.0,0.0,0.0
2937,-9.782735932045034,2.073180571941331,0,2.93276,0,0.0,0.0,0.0
2939,-9.795562513366072,2.0117045127794912,0,2.93904,0,0.0,0.0,0.0
2941,-9.80800277464414,1.9501491154711383,0,2.94532,0,0.0,0.0,0.0
2943,-9.820056225256849,1.8885168076546837,0,2.9516,0,0.0,0.0,0.0
2945,-9.831722389836951,1.8268100200017383,0,2.9578800000000003,0,0.0,0.0,0.0
2947,-9.843000808291102,1.7650311861212875,0,2.96416,0,0.0,0.0,0.0
2949,-9.85389103581798,1.703182742463677,0,2.9704400000000004,0,0.0,0.0,0.0
2951,-9.864392642925845,1.6412671282245637,0,2.97672,0,0.0,0.0,0.0
2953,-9.874505215449478,1.579286785248665,0,2.983,0,0.0,0.0,0.0
2955,-9.884228354566511,1.5172441579335152,0,2.9892800000000004,0,0.0,0.0,0.0
2957,-1.978712335362631,0.291028338626606,0,2.99556,0,0.0,0.0,0.0
2959,-1.9805009628198649,0.2785963680121997,0,3.0018400000000005,0,0.0,0.0,0.0
2961,-1.982211482744629,0.2661534100389053,0,3.00812,0,0.0,0.0,0.0
2963,-1.9838438276769788,0.2536999554354595,0,3.0144000000000006,0,0.0,0.0,0.0
2965,-1.9853979332400509,0.2412364953445772,0,3.02068,0,0.0,0.0,0.0
2967,-1.9868737381426116,0.2287635213035641,0,3.02696,0,0.0,0.0,0.0
2969,-1.9882711841814669,0.2162815252249428,0,3.03324,0,0.0,0.0,0.0
2971,-1.9895902162437629,0.2037909993770513,0,3.03952,0,0.0,0.0,0.0
2973,-1.990830782309156,0.1912924363646236,0,3.0458000000000003,0,0.0,0.0,0.0
2975,-1.9919928334518664,0.1787863291093689,0,3.05208,0,0.0,0.0,0.0
2977,-1.993076323842608,0.1662731708305249,0,3.0583600000000004,0,0.0,0.0,0.0
2979,-1.994081210750392,0.1537534550254128,0,3.0646400000000003,0,0.0,0.0,0.0
2981,-1.9950074545442176,0.1412276754499698,0,3.07092,0,0.0,0.0,0.0
2983,-1.995855018694632,0.1286963260992739,0,3.0772000000000004,0,0.0,0.0,0.0
2985,-1.9966238697751704,0.1161599011880745,0,3.08348,0,0.0,0.0,0.0
2987,-1.9973139774636768,0.1036188951312816,0,3.0897600000000005,0,0.0,0.0,0.0
2989,-1.9979253145434968,0.0910738025244881,0,3.09604,0,0.0,0.0,0.0
2991,-1.9984578569045537,0.0785251181244449,0,3.10232,0,0.0,0.0,0.0
2993,-1.998911583544298,0.0659733368295602,0,3.1086,0,0.0,0.0,0.0
2995,-1.999286476568536,0.0534189536603803,0,3.11488,0,0.0,0.0,0.0
2997,-1.9995825211921343,0.0408624637400614,0,3.12116,0,0.0,0.0,0.0
2999,-1.9997997057396055,0.0283043622748499,0,3.12744,0,0.0,0.0,0.0
3001,-1.999938021645568,0.0157451445345468,0,3.1337199999999994,0,0.0,0.0,0.0
3003,-1.999997463455079,0.0031853058329736,0,3.14,0,0.0,0.0,0.0
3005,-1.9999780288238584,-0.0093746584915513,0,3.1462800000000004,0,0.0,0.0,0.0
3007,-1.999879718518374,-0.021934253095759,0,3.1525600000000003,0,0.0,0.0,0.0
3009,-1.999702536415814,-0.0344929826509634,0,3.1588400000000005,0,0.0,0.0,0.0
3011,-1.9994464895039343,-0.0470503518625898,0,3.16512,0,0.0,0.0,0.0
3013,-1.999111587880782,-0.0596058654897205,0,3.1714000000000007,0,0.0,0.0,0.0
3015,-1.998697844754298,-0.0721590283646087,0,3.17768,0,0.0,0.0,0.0
3017,-1.9982052764417952,-0.0847093454122284,0,3.183960000000001,0,0.0,0.0,0.0
3019,-1.9976339023693168,-0.0972563216697769,0,3.19024,0,0.0,0.0,0.0
3021,-1.9969837450708672,-0.1097994623062156,0,3.19652,0,0.0,0.0,0.0
3023,-1.9962548301875256,-0.1223382726417728,0,3.2028000000000003,0,0.0,0.0,0.0
3025,-1.995447186466435,-0.1348722581674542,0,3.20908,0,0.0,0.0,0.0
3027,-1.9945608457596664,-0.1474009245645506,0,3.21536,0,0.0,0.0,0.0
3029,-1.993595843022964,-0.1599237777241301,0,3.2216400000000003,0,0.0,0.0,0.0
3031,-1.9925522163143672,-0.1724403237665218,0,3.22792,0,0.0,0.0,0.0
3033,-1.991430006792708,-0.1849500690608005,0,3.2342000000000004,0,0.0,0.0,0.0
3035,-1.990229258715989,-0.1974525202442462,0,3.24048,0,0.0,0.0,0.0
3037,-1.9889500194396372,-0.209947184241813,0,3.2467600000000005,0,0.0,0.0,0.0
3039,-1.987592339414638,-0.2224335682855586,0,3.25304,0,0.0,0.0,0.0
3041,-1.9861562721855424,-0.2349111799340964,0,3.25932,0,0.0,0.0,0.0
3043,-1.9846418743883585,-0.2473795270920045,0,3.2656,0,0.0,0.0,0.0
3045,-1.983049205748316,-0.2598381180292347,0,3.27188,0,0.0,0.0,0.0
3047,-1.9813783290775109,-0.2722864614005106,0,3.27816,0,0.0,0.0,0.0
3049,-1.9796293102724296,-0.284724066264699,0,3.28444,0,0.0,0.0,0.0
3051,-1.9778022183113488,-0.2971504421041779,0,3.2907200000000003,0,0.0,0.0,0.0
3053,-1.9758971252516149,-0.3095650988441753,0,3.297,0,0.0,0.0,0.0
3055,-1.9739141062268035,-0.3219675468721037,0,3.3032800000000004,0,0.0,0.0,0.0
3057,-1.9718532394437545,-0.3343572970568627,0,3.3095600000000003,0,0.0,0.0,0.0
3059,-1.96971460617949,-0.3467338607681362,0,3.315840000000001,0,0.0,0.0,0.0
3061,-1.9674982907780063,-0.3590967498956563,0,3.3221200000000004,0,0.0,0.0,0.0
3063,-1.96520438064695,-0.3714454768684599,0,3.3284,0,0.0,0.0,0.0
3065,-2.9442494493812537,-0.5756693320111691,0,3.33468,0,0.0,0.0,0.0
3067,-2.940576211686217,-0.5941477453168843,0,3.3409600000000004,0,0.0,0.0,0.0
3069,-1.9578580018343053,-0.4084018176421116,0,3.34724,0,0.0,0.0,0.0
3071,-1.9552546480112152,-0.4206890317449923,0,3.35352,0,0.0,0.0,0.0
3073,-1.952574182326646,-0.4329596546000904,0,3.3598,0,0.0,0.0,0.0
3075,-1.949816710493528,-0.4452132022752657,0,3.36608,0,0.0,0.0,0.0
3077,-1.946982341261782,-0.45744919151179,0,3.37236,0,0.0,0.0,0.0
3079,-1.9440711864140268,-0.4696671397434131,0,3.3786400000000003,0,0.0,0.0,0.0
3081,-1.941083360761175,-0.4818665651153874,0,3.38492,0,0.0,0.0,0.0
3083,-2.9070284732068536,-0.7410704797552174,0,3.3912000000000004,0,0.0,0.0,0.0
3085,-1.9348781713980023,-0.5062079235329311,0,3.39748,0,0.0,0.0,0.0
3087,-1.9316610524096167,-0.5183488965974273,0,3.403760000000001,0,0.0,0.0,0.0
3089,-1.928367752050356,-0.5304694268779834,0,3.41004,0,0.0,0.0,0.0
3091,-1.924998400202288,-0.5425690363618542,0,3.4163200000000007,0,0.0,0.0,0.0
3093,-1.921553129746824,-0.554647247861364,0,3.4226,0,0.0,0.0,0.0
3095,-1.9180320765594705,-0.5667035850327455,0,3.42888,0,0.0,0.0,0.0
3097,-1.9144353795044748,-0.5787375723949134,0,3.43516,0,0.0,0.0,0.0
3099,-1.9107631804293488,-0.5907487353482187,0,3.44144,0,0.0,0.0,0.0
3101,-1.907015624159272,-0.60273660019317,0,3.44772,0,0.0,0.0,0.0
3103,-1.9031928584913824,-0.614700694149113,0,3.454,0,0.0,0.0,0.0
3105,-1.8992950341889452,-0.6266405453728737,0,3.46028,0,0.0,0.0,0.0
3107,-1.89532230497541,-0.6385556829773731,0,3.4665600000000003,0,0.0,0.0,0.0
3109,-1.891274827528345,-0.6504456370501907,0,3.47284,0,0.0,0.0,0.0
3111,-1.8871527614732608,-0.6623099386721045,0,3.4791200000000004,0,0.0,0.0,0.0
3113,-1.8829562693773123,-0.674148119935578,0,3.4854000000000003,0,0.0,0.0,0.0
3115,-1.8786855167428904,-0.6859597139632173,0,3.49168,0,0.0,0.0,0.0
3117,-1.874340672001091,-0.6977442549261869,0,3.4979600000000004,0,0.0,0.0,0.0
3119,-1.8699219065050767,-0.709501278062569,0,3.50424,0,0.0,0.0,0.0
3121,-1.8654293945233151,-0.7212303196957112,0,3.5105200000000005,0,0.0,0.0,0.0
3123,-1.86086331323271,-0.732930917252493,0,3.5168,0,0.0,0.0,0.0
3125,-1.856223842711608,-0.744602609281589,0,3.52308,0,0.0,0.0,0.0
3127,-1.851511165932704,-0.75624493547165,0,3.52936,0,0.0,0.0,0.0
3129,-1.8467254687558168,-0.7678574366694698,0,3.5356400000000003,0,0.0,0.0,0.0
3131,-1.8418669399205676,-0.7794396548980846,0,3.54192,0,0.0,0.0,0.0
3133,-1.8369357710389285,-0.7909911333748421,0,3.5482000000000005,0,0.0,0.0,0.0
3135,-1.8319321565876727,-0.8025114165294087,0,3.5544800000000003,0,0.0,0.0,0.0
3137,-1.8268562939006996,-0.8140000500217437,0,3.56076,0,0.0,0.0,0.0
3139,-1.821708383161254,-0.825456580760012,0,3.5670399999999995,0,0.0,0.0,0.0
3141,-1.8164886273940304,-0.8368805569184601,0,3.5733200000000003,0,0.0,0.0,0.0
3143,-1.81119723245717,-0.8482715279552224,0,3.5796,0,0.0,0.0,0.0
3145,-1.805834407034136,-0.8596290446301073,0,3.58588,0,0.0,0.0,0.0
3147,-1.8004003626254876,-0.8709526590222988,0,3.59216,0,0.0,0.0,0.0
3149,-1.7948953135405372,-0.8822419245480325,0,3.59844,0,0.0,0.0,0.0
3151,-1.7893194768889,-0.8934963959782005,0,3.60472,0,0.0,0.0,0.0
3153,-1.7836730725719283,-0.904715629455917,0,3.611,0,0.0,0.0,0.0
3155,-1.7779563232740434,-0.9158991825140173,0,3.61728,0,0.0,0.0,0.0
3157,-1.772169454453949,-0.9270466140925132,0,3.62356,0,0.0,0.0,0.0
3159,-1.7663126943357428,-0.9381574845559826,0,3.62984,0,0.0,0.0,0.0
3161,-1.7603862738999134,-0.9492313557109135,0,3.636120000000001,0,0.0,0.0,0.0
3163,-1.754390426874233,-0.96026779082298,0,3.6424,0,0.0,0.0,0.0
3165,-1.7483253897245372,-0.9712663546342708,0,3.6486800000000006,0,0.0,0.0,0.0
3167,-2.613287102468102,-1.4733399200706774,0,3.65496,0,0.0,0.0,0.0
3169,-2.60398305682606,-1.4897222022118113,0,3.66124,0,0.0,0.0,0.0
3171,-2.594576314596144,-1.5060457322859395,0,3.667520000000001,0,0.0,0.0,0.0
3173,-2.585067246764001,-1.5223098665212635,0,3.6738,0,0.0,0.0,0.0
3175,-2.5754562283508173,-1.5385139634884637,0,3.68008,0,0.0,0.0,0.0
3177,-2.565743638398536,-1.554657384125982,0,3.68636,0,0.0,0.0,0.0
3179,-2.555929859954907,-1.570739491765229,0,3.69264,0,0.0,0.0,0.0
3181,-2.546015280058376,-1.5867596521556973,0,3.69892,0,0.0,0.0,0.0
3183,-3.3813337196304367,-2.136956311319957,0,3.7052,0,0.0,0.0,0.0
3185,-2.525885283922157,-1.618611606428634,0,3.71148,0,0.0,0.0,0.0
3187,-2.5156706615747,-1.634442144125118,0,3.71776,0,0.0,0.0,0.0
3189,-2.5053568255274934,-1.6502082222503929,0,3.72404,0,0.0,0.0,0.0
3191,-3.3265922433871866,-2.221212292023481,0,3.73032,0,0.0,0.0,0.0
3193,-2.4844331432700235,-1.68154451520661,0,3.7366,0,0.0,0.0,0.0
3195,-2.473824122253597,-1.6971134941883577,0,3.74288,0,0.0,0.0,0.0
3197,-2.463117537892557,-1.7126155419492457,0,3.74916,0,0.0,0.0,0.0
3199,-2.4523138124360666,-1.7280500471153273,0,3.75544,0,0.0,0.0,0.0
3201,-2.4414133719643742,-1.7434164009764117,0,3.76172,0,0.0,0.0,0.0
3203,-3.2405555284959964,-2.3449519966801096,0,3.768,0,0.0,0.0,0.0
3205,-3.225765425801032,-2.3652563112074523,0,3.77428,0,0.0,0.0,0.0
3207,-3.2108481044970074,-2.385467344116866,0,3.78056,0,0.0,0.0,0.0
3209,-3.1958041528972747,-2.4055842983201674,0,3.78684,0,0.0,0.0,0.0
3211,-3.180634164309264,-2.425606380439479,0,3.79312,0,0.0,0.0,0.0
3213,-3.1653387370110857,-2.4455328008385138,0,3.7994,0,0.0,0.0,0.0
3215,-3.149918474227939,-2.4653627736537134,0,3.80568,0,0.0,0.0,0.0
3217,-3.134373984108316,-2.485095516825251,0,3.811960000000001,0,0.0,0.0,0.0
3219,-3.118705879700024,-2.5047302521278616,0,3.81824,0,0.0,0.0,0.0
3221,-3.102914778925994,-2.524266205201553,0,3.8245200000000006,0,0.0,0.0,0.0
3223,-3.0870013045599367,-2.5437026055821166,0,3.8308,0,0.0,0.0,0.0
3225,-6.909673689453936,-5.766837045145982,0,3.8370800000000007,0,0.0,0.0,0.0
3227,-7.637024375631985,-6.455684215170603,0,3.84336,0,0.0,0.0,0.0
3229,-7.596332349727336,-6.503517112492744,0,3.84964,0,0.0,0.0,0.0
3231,-7.555340737613545,-6.551093522348557,0,3.85592,0,0.0,0.0,0.0
3233,-7.514051155928898,-6.598411568406717,0,3.8622,0,0.0,0.0,0.0
3235,-7.472465233063078,-6.645469384525336,0,3.86848,0,0.0,0.0,0.0
3237,-7.430584609092961,-6.692265114825533,0,3.87476,0,0.0,0.0,0.0
3239,-7.388410935717918,-6.738796913764644,0,3.88104,0,0.0,0.0,0.0
3241,-7.345945876194669,-6.785062946209013,0,3.88732,0,0.0,0.0,0.0
3243,-7.303191105271736,-6.831061387506323,0,3.8936,0,0.0,0.0,0.0
3245,-7.260148309123312,-6.876790423557628,0,3.899880000000001,0,0.0,0.0,0.0
3247,-7.216819185282851,-6.922248250888822,0,3.90616,0,0.0,0.0,0.0
3249,-7.173205442576042,-6.967433076721832,0,3.91244,0,0.0,0.0,0.0
3251,-7.842239681158806,-7.713577430949806,0,3.91872,0,0.0,0.0,0.0
3253,-7.793644091115004,-7.76267426735324,0,3.925,0,0.0,0.0,0.0
3255,-7.744741133228249,-7.811464957310018,0,3.931280000000001,0,0.0,0.0,0.0
3257,-7.695532736146634,-7.8599475765997,0,3.93756,0,0.0,0.0,0.0
3259,-7.64602084056421,-7.908120213151654,0,3.94384,0,0.0,0.0,0.0
3261,-7.596207399144514,-7.955980967120404,0,3.95012,0,0.0,0.0,0.0
3263,-7.54609437644351,-8.003527950960605,0,3.9564,0,0.0,0.0,0.0
3265,-7.495683748832143,-8.050759289501439,0,3.96268,0,0.0,0.0,0.0
3267,-7.444977504418369,-8.097673120020616,0,3.968960000000001,0,0.0,0.0,0.0
3269,-7.393977642968773,-8.1442675923178,0,3.97524,0,0.0,0.0,0.0
3271,-7.342686175829673,-8.190540868787593,0,3.9815200000000006,0,0.0,0.0,0.0
3273,-7.291105125847828,-8.236491124492002,0,3.9878,0,0.0,0.0,0.0
3275,-7.239236527290617,-8.282116547232434,0,3.9940800000000007,0,0.0,0.0,0.0
3277,-7.840453555380961,-9.08445309558666,0,4.00036,0,0.0,0.0,0.0
3279,-7.783248957972162,-9.13351168271138,0,4.00664,0,0.0,0.0,0.0
3281,-7.725737402686489,-9.182210059932794,0,4.01292,0,0.0,0.0,0.0
3283,-7.667921157680217,-9.230546306671132,0,4.0192,0,0.0,0.0,0.0
3285,-7.6098025031260335,-9.278518516628436,0,4.02548,0,0.0,0.0,0.0
3287,-7.551383731123156,-9.326124797863717,0,4.03176,0,0.0,0.0,0.0
3289,-7.492667145606916,-9.373363272867577,0,4.0380400000000005,0,0.0,0.0,0.0
3291,-7.433655062257893,-9.42023207863626,0,4.04432,0,0.0,0.0,0.0
3293,-7.98887895911146,-10.255623480640567,0,4.050599999999999,0,0.0,0.0,0.0
3295,-7.924316533208393,-10.305591078706748,0,4.0568800000000005,0,0.0,0.0,0.0
3297,-7.859441585967295,-10.355152242085476,0,4.06316,0,0.0,0.0,0.0
3299,-7.794256675943848,-10.404305016170218,0,4.06944,0,0.0,0.0,0.0
3301,-7.72876437391818,-10.453047462460558,0,4.07572,0,0.0,0.0,0.0
3303,-7.662967262793384,-10.50137765863874,0,4.082,0,0.0,0.0,0.0
3305,-7.59686793749372,-10.549293698645418,0,4.088280000000001,0,0.0,0.0,0.0
3307,-7.53046900486228,-10.596793692754828,0,4.09456,0,0.0,0.0,0.0
3309,-7.463773083558106,-10.643875767649371,0,4.10084,0,0.0,0.0,0.0
3311,-7.396782803952963,-10.69053806649346,0,4.10712,0,0.0,0.0,0.0
3313,-7.329500808027621,-10.736778749006728,0,4.1134,0,0.0,0.0,0.0
3315,-7.26192974926763,-10.78259599153663,0,4.119680000000001,0,0.0,0.0,0.0
3317,-7.1940722925586815,-10.827987987130363,0,4.12596,0,0.0,0.0,0.0
3319,-7.125931114081483,-10.872952945606148,0,4.13224,0,0.0,0.0,0.0
3321,-7.057508901206267,-10.917489093623786,0,4.138520000000001,0,0.0,0.0,0.0
3323,-6.988808352386773,-10.961594674754622,0,4.1448,0,0.0,0.0,0.0
3325,-6.919832177053803,-11.005267949550834,0,4.15108,0,0.0,0.0,0.0
3327,-6.850583095508428,-11.048507195613992,0,4.15736,0,0.0,0.0,0.0
3329,-6.781063838814621,-11.091310707663036,0,4.163640000000001,0,0.0,0.0,0.0
3331,-6.711277148691663,-11.13367679760146,0,4.16992,0,0.0,0.0,0.0
3333,-6.641225777405889,-11.175603794583964,0,4.1762,0,0.0,0.0,0.0
3335,-6.570912487662212,-11.217090045082315,0,4.18248,0,0.0,0.0,0.0
3337,-6.500340052495172,-11.25813391295054,0,4.18876,0,0.0,0.0,0.0
3339,-6.42951125515955,-11.29873377948948,0,4.1950400000000005,0,0.0,0.0,0.0
3341,-6.358428889020618,-11.338888043510618,0,4.20132,0,0.0,0.0,0.0
3343,-6.287095757443939,-11.378595121399233,0,4.207599999999999,0,0.0,0.0,0.0
3345,-6.215514673684824,-11.417853447176864,0,4.2138800000000005,0,0.0,0.0,0.0
3347,-6.143688460777449,-11.456661472563027,0,4.22016,0,0.0,0.0,0.0
3349,-6.07161995142339,-11.495017667036333,0,4.22644,0,0.0,0.0,0.0
3351,-5.999311987880025,-11.532920517894809,0,4.23272,0,0.0,0.0,0.0
3353,-5.92676742184835,-11.570368530315578,0,4.239,0,0.0,0.0,0.0
3355,-5.853989114360586,-11.6073602274138,0,4.24528,0,0.0,0.0,0.0
3357,-5.780979935667311,-11.64389415030092,0,4.25156,0,0.0,0.0,0.0
3359,-5.707742765124226,-11.67996885814222,0,4.257840000000001,0,0.0,0.0,0.0
3361,-5.634280491078704,-11.715582928213598,0,4.26412,0,0.0,0.0,0.0
3363,-5.560596010755743,-11.750734955957748,0,4.2704,0,0.0,0.0,0.0
3365,-5.486692230143821,-11.78542355503948,0,4.27668,0,0.0,0.0,0.0
3367,-5.412572063880199,-11.819647357400456,0,4.28296,0,0.0,0.0,0.0
3369,-5.338238435136046,-11.853405013313106,0,4.28924,0,0.0,0.0,0.0
3371,-5.26369427550111,-11.88669519143386,0,4.295520000000001,0,0.0,0.0,0.0
3373,-7.583839074807262,-17.420831922942902,0,4.3018,0,0.0,0.0,0.0
3375,-7.474287422693824,-17.46811459554124,0,4.30808,0,0.0,0.0,0.0
3377,-7.752043155381151,-18.436535111487416,0,4.31436,0,0.0,0.0,0.0
3379,-7.636109612331618,-18.484854069980013,0,4.320640000000001,0,0.0,0.0,0.0
3381,-7.519874914326539,-18.53244401779977,0,4.32692,0,0.0,0.0,0.0
3383,-7.403343645461332,-18.579303078081463,0,4.3332,0,0.0,0.0,0.0
3385,-7.286520401527668,-18.62542940278481,0,4.33948,0,0.0,0.0,0.0
3387,-7.169409789832248,-18.670821172767347,0,4.34576,0,0.0,0.0,0.0
3389,-7.052016429015038,-18.71547659785617,0,4.352040000000001,0,0.0,0.0,0.0
3391,-7.627779443753877,-20.6353333086104,0,4.35832,0,0.0,0.0,0.0
3393,-7.498039989163057,-20.682828537724514,0,4.3646,0,0.0,0.0,0.0
3395,-7.368004824843789,-20.729508071854447,0,4.3708800000000005,0,0.0,0.0,0.0
3397,-7.237679079158065,-20.775370070040093,0,4.37716,0,0.0,0.0,0.0
3399,-7.10706789192784,-20.82041272356358,0,4.38344,0,0.0,0.0,0.0
3401,-6.976176414232471,-20.86463425602056,0,4.38972,0,0.0,0.0,0.0
3403,-6.845009808205391,-20.908032923390284,0,4.396000000000001,0,0.0,0.0,0.0
3405,-6.713573246830746,-20.950607014104357,0,4.40228,0,0.0,0.0,0.0
3407,-6.581871913739146,-20.99235484911428,0,4.40856,0,0.0,0.0,0.0
3409,-6.449911003003338,-21.03327478195767,0,4.414840000000001,0,0.0,0.0,0.0
3411,-7.466367667830472,-24.904886144063692,0,4.42112,0,0.0,0.0,0.0
3413,-7.309818780575555,-24.95128352199832,0,4.4274,0,0.0,0.0,0.0
3415,-7.428096283892327,-25.95810828233107,0,4.43368,0,0.0,0.0,0.0
3417,-7.264933959763407,-26.00424454892463,0,4.43996,0,0.0,0.0,0.0
3419,-7.101485119204657,-26.04935525309052,0,4.44624,0,0.0,0.0,0.0
3421,-6.937756208355643,-26.0934386157406,0,4.452520000000001,0,0.0,0.0,0.0
3423,-6.773753684401445,-26.13649289830328,0,4.4588,0,0.0,0.0,0.0
3425,-6.6094840153179,-26.17851640279214,0,4.46508,0,0.0,0.0,0.0
3427,-6.44495367961668,-26.219507471872834,0,4.47136,0,0.0,0.0,0.0
3429,-6.280169166089603,-26.259464488928508,0,4.47764,0,0.0,0.0,0.0
3431,-6.115136973552894,-26.298385878123515,0,4.48392,0,0.0,0.0,0.0
3433,-5.949863610590807,-26.336270104465576,0,4.4902,0,0.0,0.0,0.0
3435,-5.570120202880394,-25.39633361187129,0,4.49648,0,0.0,0.0,0.0
3437,-5.410522438174115,-25.430812943081754,0,4.50276,0,0.0,0.0,0.0
3439,-5.250711291820998,-25.464289327015265,0,4.509040000000001,0,0.0,0.0,0.0
3441,-5.090693066496289,-25.496761443421136,0,4.515319999999999,0,0.0,0.0,0.0
3443,-4.930474073041911,-25.528228011655283,0,4.5216,0,0.0,0.0,0.0
3445,-4.770060630217937,-25.558687790730666,0,4.527880000000001,0,0.0,0.0,0.0
3447,-4.609459064453103,-25.58813957936628,0,4.53416,0,0.0,0.0,0.0
3449,-4.448675709595357,-25.616582216034523,0,4.540439999999999,0,0.0,0.0,0.0
3451,-4.287716906662101,-25.64401457900701,0,4.54672,0,0.0,0.0,0.0
3453,-4.126589003590124,-25.67043558639878,0,4.553000000000001,0,0.0,0.0,0.0
3455,-3.965298354985303,-25.69584419621101,0,4.55928,0,0.0,0.0,0.0
3457,-3.80385132187178,-25.720239406372063,0,4.5655600000000005,0,0.0,0.0,0.0
3459,-3.6422542714413457,-25.743620254777053,0,4.57184,0,0.0,0.0,0.0
3461,-3.4805135768021223,-25.76598581932576,0,4.57812,0,0.0,0.0,0.0
3463,-3.318635616727379,-25.787335217959,0,4.5844000000000005,0,0.0,0.0,0.0
3465,-3.156626775403876,-25.80766760869341,0,4.590680000000001,0,0.0,0.0,0.0
3467,-2.994493442180124,-25.82698218965468,0,4.59696,0,0.0,0.0,0.0
3469,-2.832242011314312,-25.845278199109146,0,4.60324,0,0.0,0.0,0.0
3471,-2.567191232425275,-24.8678412648979,0,4.60952,0,0.0,0.0,0.0
3473,-2.410971593004813,-24.883472747543173,0,4.6158,0,0.0,0.0,0.0
3475,-2.254656869034799,-24.89812286906212,0,4.62208,0,0.0,0.0,0.0
3477,-2.098253225297515,-24.91179105167929,0,4.628360000000001,0,0.0,0.0,0.0
3479,-1.941766830082241,-24.924476756345204,0,4.63464,0,0.0,0.0,0.0
3481,-1.7852038549416762,-24.93617948275761,0,4.64092,0,0.0,0.0,0.0
3483,-1.6285704744488112,-24.946898769381207,0,4.6472,0,0.0,0.0,0.0
3485,-1.471872865953212,-24.956634193465888,0,4.65348,0,0.0,0.0,0.0
3487,-1.3151172093375538,-24.96538537106336,0,4.65976,0,0.0,0.0,0.0
3489,-1.1583096867738063,-24.973151957042305,0,4.666040000000001,0,0.0,0.0,0.0
3491,-1.0014564824794872,-24.97993364510202,0,4.672319999999999,0,0.0,0.0,0.0
3493,-0.8445637824735671,-24.98573016778445,0,4.6786,0,0.0,0.0,0.0
3495,-0.6876377743328589,-24.990541296484768,0,4.684880000000001,0,0.0,0.0,0.0
3497,-0.5306846469477022,-24.994366841460376,0,4.69116,0,0.0,0.0,0.0
3499,-0.3737105902779503,-24.997206651838404,0,4.697439999999999,0,0.0,0.0,0.0
3501,-0.2167217951088712,-24.999060615621637,0,4.70372,0,0.0,0.0,0.0
3503,-0.0597244528070384,-24.999928659692948,0,4.71,0,0.0,0.0,0.0
3505,0.0972752449239127,-24.999810749818188,0,4.71628,0,0.0,0.0,0.0
3507,0.2542711062874528,-24.99870689064751,0,4.7225600000000005,0,0.0,0.0,0.0
3509,0.41125693963833,-24.99661712571522,0,4.72884,0,0.0,0.0,0.0
3511,0.5682265537268465,-24.99354153743802,0,4.73512,0,0.0,0.0,0.0
3513,0.7251737579428973,-24.989480247111803,0,4.7414000000000005,0,0.0,0.0,0.0
3515,0.8820923625602066,-24.984433414906828,0,4.747680000000001,0,0.0,0.0,0.0
3517,1.038976178980395,-24.97840123986144,0,4.75396,0,0.0,0.0,0.0
3519,1.1958190199771357,-24.971383959874167,0,4.7602400000000005,0,0.0,0.0,0.0
3521,1.3526146999400137,-24.96338185169441,0,4.76652,0,0.0,0.0,0.0
3523,1.5093570351186734,-24.954395230911484,0,4.772800000000001,0,0.0,0.0,0.0
3525,1.6660398438664088,-24.944424451942155,0,4.77908,0,0.0,0.0,0.0
3527,1.8226569468843767,-24.933469908016693,0,4.785360000000001,0,0.0,0.0,0.0
3529,1.9792021674648108,-24.921532031163384,0,4.79164,0,0.0,0.0,0.0
3531,2.135669331735041,-24.90861129219143,0,4.79792,0,0.0,0.0,0.0
3533,2.2920522689006924,-24.89470820067243,0,4.8042,0,0.0,0.0,0.0
3535,2.4483448114892488,-24.87982330492027,0,4.81048,0,0.0,0.0,0.0
3537,2.6045407955931354,-24.863957191969487,0,4.81676,0,0.0,0.0,0.0
3539,2.760634061112898,-24.847110487552136,0,4.823040000000001,0,0.0,0.0,0.0
3541,2.9166184520001037,-24.829283856073108,0,4.82932,0,0.0,0.0,0.0
3543,3.0724878165002125,-24.810478000583903,0,4.8356,0,0.0,0.0,0.0
3545,3.228236007395039,-24.790693662754943,0,4.84188,0,0.0,0.0,0.0
3547,3.3838568822453627,-24.769931622846293,0,4.84816,0,0.0,0.0,0.0
3549,3.539344303633,-24.74819269967689,0,4.854439999999999,0,0.0,0.0,0.0
3551,3.694692139403028,-24.725477750592272,0,4.86072,0,0.0,0.0,0.0
3553,3.849894262905474,-24.701787671430736,0,4.867,0,0.0,0.0,0.0
3555,4.004944553237029,-24.67712339648803,0,4.87328,0,0.0,0.0,0.0
3557,4.159836895482418,-24.651485898480505,0,4.879560000000001,0,0.0,0.0,0.0
3559,4.314565180955545,-24.624876188506736,0,4.88584,0,0.0,0.0,0.0
3561,4.469123307440496,-24.597295316007656,0,4.89212,0,0.0,0.0,0.0
3563,4.623505179432065,-24.568744368725174,0,4.8984000000000005,0,0.0,0.0,0.0
3565,4.777704708376245,-24.539224472659267,0,4.904680000000001,0,0.0,0.0,0.0
3567,4.931715812910296,-24.508736792023587,0,4.91096,0,0.0,0.0,0.0
3569,5.085532419102679,-24.477282529199517,0,4.9172400000000005,0,0.0,0.0,0.0
3571,5.239148460692446,-24.444862924688778,0,4.92352,0,0.0,0.0,0.0
3573,5.39255787932868,-24.411479257064496,0,4.929800000000001,0,0.0,0.0,0.0
3575,5.545754624809139,-24.3771328429208,0,4.93608,0,0.0,0.0,0.0
3577,5.698732655319262,-24.34182503682084,0,4.94236,0,0.0,0.0,0.0
3579,5.851485937670074,-24.305557231243423,0,4.94864,0,0.0,0.0,0.0
3581,6.004008447536326,-24.26833085652807,0,4.95492,0,0.0,0.0,0.0
3583,6.156294169694012,-24.23014738081862,0,4.9612,0,0.0,0.0,0.0
3585,6.308337098257686,-24.19100831000531,0,4.96748,0,0.0,0.0,0.0
3587,6.460131236917204,-24.150915187665387,0,4.97376,0,0.0,0.0,0.0
3589,6.61167059917428,-24.10986959500226,0,4.980040000000001,0,0.0,0.0,0.0
3591,6.762949208578551,-24.067873150783115,0,4.98632,0,0.0,0.0,0.0
3593,6.913961098963357,-24.024927511275063,0,4.9926,0,0.0,0.0,0.0
3595,7.064700314680894,-23.981034370179856,0,4.99888,0,0.0,0.0,0.0
3597,7.215160910837278,-23.93619545856705,0,5.005160000000001,0,0.0,0.0,0.0
3599,7.365336953526727,-23.890412544805788,0,5.01144,0,0.0,0.0,0.0
3601,7.5152225200659935,-23.84368743449496,0,5.017720000000001,0,0.0,0.0,0.0
3603,7.664811699227473,-23.796021970392147,0,5.024,0,0.0,0.0,0.0
3605,7.814098591472731,-23.74741803234078,0,5.03028,0,0.0,0.0,0.0
3607,7.963077309184927,-23.697877537196117,0,5.036560000000001,0,0.0,0.0,0.0
3609,8.11174197690109,-23.647402438749605,0,5.04284,0,0.0,0.0,0.0
3611,8.260086731543897,-23.59599472765182,0,5.04912,0,0.0,0.0,0.0
3613,8.408105722652788,-23.54365643133397,0,5.055400000000001,0,0.0,0.0,0.0
3615,8.555793112614765,-23.490389613927945,0,5.061680000000001,0,0.0,0.0,0.0
3617,8.703143076894593,-23.43619637618489,0,5.06796,0,0.0,0.0,0.0
3619,8.850149804264559,-23.381078855392364,0,5.07424,0,0.0,0.0,0.0
3621,8.996807497033622,-23.32503922529005,0,5.08052,0,0.0,0.0,0.0
3623,9.143110371276038,-23.26807969598404,0,5.086800000000001,0,0.0,0.0,0.0
3625,9.289052657059417,-23.210202513859663,0,5.09308,0,0.0,0.0,0.0
3627,9.434628598672528,-23.151409961492853,0,5.09936,0,0.0,0.0,0.0
3629,9.579832454851989,-23.091704357560197,0,5.10564,0,0.0,0.0,0.0
3631,10.11364483896921,-23.952331579017343,0,5.1119200000000005,0,0.0,0.0,0.0
3633,10.263865060232598,-23.88834598764294,0,5.1182,0,0.0,0.0,0.0
3635,10.41368049241057,-23.823418281220423,0,5.12448,0,0.0,0.0,0.0
3637,10.563085227041586,-23.75755102038625,0,5.13076,0,0.0,0.0,0.0
3639,10.71207337186132,-23.69074680283126,0,5.137040000000001,0,0.0,0.0,0.0
3641,10.860639051035015,-23.62300826319826,0,5.14332,0,0.0,0.0,0.0
3643,11.008776405389291,-23.554338072978062,0,5.1496,0,0.0,0.0,0.0
3645,11.156479592643064,-23.48473894040423,0,5.15588,0,0.0,0.0,0.0
3647,11.303742787638166,-23.41421361034613,0,5.162160000000001,0,0.0,0.0,0.0
3649,11.450560182568788,-23.342764864200863,0,5.16844,0,0.0,0.0,0.0
3651,11.596925987210916,-23.27039551978333,0,5.17472,0,0.0,0.0,0.0
3653,11.742834429150331,-23.197108431215337,0,5.181,0,0.0,0.0,0.0
3655,11.888279754010451,-23.12290648881289,0,5.18728,0,0.0,0.0,0.0
3657,12.03325622567922,-23.04779261897226,0,5.193560000000001,0,0.0,0.0,0.0
3659,12.177758126535338,-22.97176978405457,0,5.19984,0,0.0,0.0,0.0
3661,12.321779757673802,-22.89484098226891,0,5.20612,0,0.0,0.0,0.0
3663,12.465315439130563,-22.817009247554186,0,5.212400000000001,0,0.0,0.0,0.0
3665,13.09329641434148,-23.61282678982321,0,5.218680000000001,0,0.0,0.0,0.0
3667,13.241325803390833,-23.53013580429268,0,5.22496,0,0.0,0.0,0.0
3669,13.3888329774529,-23.446516830904116,0,5.23124,0,0.0,0.0,0.0
3671,13.535812119099909,-23.36197316744517,0,5.237520000000001,0,0.0,0.0,0.0
3673,13.68225743172867,-23.276508148171743,0,5.243800000000001,0,0.0,0.0,0.0
3675,13.82816313978935,-23.190125143676376,0,5.2500800000000005,0,0.0,0.0,0.0
3677,13.973523489013196,-23.102827560755337,0,5.25636,0,0.0,0.0,0.0
3679,14.11833274663948,-23.014618842274302,0,5.26264,0,0.0,0.0,0.0
3681,14.262585201641524,-22.925502467032565,0,5.2689200000000005,0,0.0,0.0,0.0
3683,14.939840911802056,-23.681240540352725,0,5.2752,0,0.0,0.0,0.0
3685,15.088263524120132,-23.58695198254124,0,5.28148,0,0.0,0.0,0.0
3687,15.236091081421712,-23.491733196139908,0,5.2877600000000005,0,0.0,0.0,0.0
3689,15.38331775364362,-23.39558793641299,0,5.294040000000001,0,0.0,0.0,0.0
3691,15.529937734420525,-23.298519995163243,0,5.30032,0,0.0,0.0,0.0
3693,15.675945241314007,-23.200533200582367,0,5.3066,0,0.0,0.0,0.0
3695,15.821334516040547,-23.101631417100048,0,5.31288,0,0.0,0.0,0.0
3697,15.966099824698622,-23.00181854523156,0,5.319160000000001,0,0.0,0.0,0.0
3699,16.110235457994758,-22.901098521424,0,5.32544,0,0.0,0.0,0.0
3701,16.25373573146899,-22.799475317900807,0,5.33172,0,0.0,0.0,0.0
3703,16.396594985718682,-22.69695294250541,0,5.338,0,0.0,0.0,0.0
3705,16.53880758662194,-22.59353543854296,0,5.34428,0,0.0,0.0,0.0
3707,17.27609535147261,-23.29241355907169,0,5.350560000000001,0,0.0,0.0,0.0
3709,17.422030077481384,-23.18346108714861,0,5.35684,0,0.0,0.0,0.0
3711,17.567277708757334,-23.073594299618723,0,5.36312,0,0.0,0.0,0.0
3713,17.711832516985087,-22.9628175294381,0,5.369400000000001,0,0.0,0.0,0.0
3715,17.855688801173027,-22.85113514545096,0,5.375680000000001,0,0.0,0.0,0.0
3717,17.998840887878107,-22.738551552217377,0,5.38196,0,0.0,0.0,0.0
3719,18.14128313142964,-22.625071189839524,0,5.38824,0,0.0,0.0,0.0
3721,18.283009914151958,-22.51069853378658,0,5.394520000000001,0,0.0,0.0,0.0
3723,19.05932653095082,-23.16769458074312,0,5.4008,0,0.0,0.0,0.0
3725,19.204442863147232,-23.047545949972925,0,5.40708,0,0.0,0.0,0.0
3727,19.34880180533344,-22.926488363853835,0,5.41336,0,0.0,0.0,0.0
3729,19.492397664242432,-22.804526596687687,0,5.41964,0,0.0,0.0,0.0
3731,19.635224776701904,-22.681665458435624,0,5.4259200000000005,0,0.0,0.0,0.0
3733,20.436520093519466,-23.30984012101274,0,5.4322,0,0.0,0.0,0.0
3735,20.58250193677515,-23.181039968531334,0,5.43848,0,0.0,0.0,0.0
3737,20.72767204175426,-23.051325595927857,0,5.4447600000000005,0,0.0,0.0,0.0
3739,20.872024683198944,-22.920702118912807,0,5.451040000000001,0,0.0,0.0,0.0
3741,21.01555416809068,-22.7891746890502,0,5.45732,0,0.0,0.0,0.0
3743,21.158254835874853,-22.65674849355437,0,5.4636,0,0.0,0.0,0.0
3745,21.300121058683988,-22.52342875508538,0,5.469880000000001,0,0.0,0.0,0.0
3747,21.441147241559563,-22.389220731543173,0,5.476160000000001,0,0.0,0.0,0.0
3749,21.58132782267285,-22.25412971586008,0,5.48244,0,0.0,0.0,0.0
3751,21.72065727354421,-22.11816103579208,0,5.48872,0,0.0,0.0,0.0
3753,21.859130099261108,-21.98132005370872,0,5.495,0,0.0,0.0,0.0
3755,21.996740838694777,-21.84361216638167,0,5.50128,0,0.0,0.0,0.0
3757,22.13348406471567,-21.705042804771832,0,5.507560000000001,0,0.0,0.0,0.0
3759,22.26935438440745,-21.565617433815166,0,5.51384,0,0.0,0.0,0.0
3761,22.404346439279745,-21.42534155220712,0,5.52012,0,0.0,0.0,0.0
3763,22.53845490547938,-21.28422069218585,0,5.526400000000001,0,0.0,0.0,0.0
3765,22.67167449400038,-21.142260419314027,0,5.53268,0,0.0,0.0,0.0
3767,22.803999950892617,-20.99946633225924,0,5.538959999999999,0,0.0,0.0,0.0
3769,22.935426057468963,-20.855844062573293,0,5.54524,0,0.0,0.0,0.0
3771,23.065947630511086,-20.71139927447008,0,5.551520000000001,0,0.0,0.0,0.0
3773,23.195559522473847,-20.566137664602287,0,5.5578,0,0.0,0.0,0.0
3775,23.324256621688438,-20.42006496183651,0,5.56408,0,0.0,0.0,0.0
3777,23.45203385256388,-20.27318692702748,0,5.57036,0,0.0,0.0,0.0
3779,23.578886175787176,-20.12550935279086,0,5.57664,0,0.0,0.0,0.0
3781,23.70480858852211,-19.97703806327476,0,5.5829200000000005,0,0.0,0.0,0.0
3783,23.82979612460649,-19.827778913930057,0,5.5892,0,0.0,0.0,0.0
3785,23.95384385474813,-19.677737791279405,0,5.59548,0,0.0,0.0,0.0
3787,24.076946886719064,-19.52692061268517,0,5.6017600000000005,0,0.0,0.0,0.0
3789,24.199100365548645,-19.375333326116053,0,5.608040000000001,0,0.0,0.0,0.0
3791,24.320299473714936,-19.222981909912445,0,5.61432,0,0.0,0.0,0.0
3793,24.44053943133475,-19.06987237255067,0,5.6206,0,0.0,0.0,0.0
3795,24.559815496352154,-18.91601075240603,0,5.626880000000001,0,0.0,0.0,0.0
3797,24.67812296472539,-18.76140311751478,0,5.63316,0,0.0,0.0,0.0
3799,24.79545717061256,-18.606055565334596,0,5.63944,0,0.0,0.0,0.0
3801,24.911813486555538,-18.449974222504203,0,5.64572,0,0.0,0.0,0.0
3803,25.027187323662467,-18.29316524460184,0,5.652,0,0.0,0.0,0.0
3805,25.14157413178876,-18.13563481590237,0,5.65828,0,0.0,0.0,0.0
3807,25.25496939971655,-17.977389149133437,0,5.664560000000001,0,0.0,0.0,0.0
3809,25.367368655332584,-17.818434485230455,0,5.67084,0,0.0,0.0,0.0
3811,25.478767465804665,-17.65877709309039,0,5.67712,0,0.0,0.0,0.0
3813,25.58916143775636,-17.498423269324668,0,5.683400000000001,0,0.0,0.0,0.0
3815,25.69854621744036,-17.337379338010745,0,5.689680000000001,0,0.0,0.0,0.0
3817,25.80691749091011,-17.175651650442777,0,5.69596,0,0.0,0.0,0.0
3819,25.9142709841901,-17.013246584880942,0,5.70224,0,0.0,0.0,0.0
3821,26.02060246344419,-16.850170546300177,0,5.70852,0,0.0,0.0,0.0
3823,26.125907735142786,-16.686429966137354,0,5.714800000000001,0,0.0,0.0,0.0
3825,26.23018264622802,-16.522031302037842,0,5.72108,0,0.0,0.0,0.0
3827,26.333423084277857,-16.356981037600494,0,5.72736,0,0.0,0.0,0.0
3829,26.43562497766794,-16.191285682122313,0,5.73364,0,0.0,0.0,0.0
3831,26.536784295732357,-16.024951770341545,0,5.73992,0,0.0,0.0,0.0
3833,26.636897048922595,-15.857985862179936,0,5.7462,0,0.0,0.0,0.0
3835,26.73595928896481,-15.69039454248414,0,5.75248,0,0.0,0.0,0.0
3837,26.8339671090156,-15.522184420765942,0,5.7587600000000005,0,0.0,0.0,0.0
3839,26.93091664381604,-15.35336213094162,0,5.76504,0,0.0,0.0,0.0
3841,27.026804069844196,-15.18393433107024,0,5.77132,0,0.0,0.0,0.0
3843,27.121625605465805,-15.013907703091212,0,5.7776000000000005,0,0.0,0.0,0.0
3845,27.21537751108352,-14.84328895256066,0,5.783880000000001,0,0.0,0.0,0.0
3847,40.52163161635739,-21.771480683413003,0,5.79016,0,0.0,0.0,0.0
3849,40.65755656481705,-21.516577194774776,0,5.79644,0,0.0,0.0,0.0
3851,41.67865800716707,-21.72301698018965,0,5.802720000000001,0,0.0,0.0,0.0
3853,41.81425579001121,-21.460848369240058,0,5.809000000000001,0,0.0,0.0,0.0
3855,41.94820449092956,-21.19783337954983,0,5.81528,0,0.0,0.0,0.0
3857,42.97582858949828,-21.379386264485284,0,5.821560000000001,0,0.0,0.0,0.0
3859,44.00735203168681,-21.54885071550665,0,5.827839999999999,0,0.0,0.0,0.0
3861,44.14181013774581,-21.272061436616827,0,5.83412,0,0.0,0.0,0.0
3863,45.178089150164666,-21.42289104532285,0,5.840400000000001,0,0.0,0.0,0.0
3865,45.31173314877087,-21.13875206947135,0,5.846680000000001,0,0.0,0.0,0.0
3867,45.44359013099352,-20.853779417800222,0,5.85296,0,0.0,0.0,0.0
3869,45.57365489662138,-20.5679843291378,0,5.85924,0,0.0,0.0,0.0
3871,46.61596076244752,-20.687005636243097,0,5.86552,0,0.0,0.0,0.0
3873,46.744955077476455,-20.393851397043868,0,5.871800000000001,0,0.0,0.0,0.0
3875,46.87210585232789,-20.099892859619185,0,5.87808,0,0.0,0.0,0.0
3877,48.84044368307742,-20.58181383746689,0,5.88436,0,0.0,0.0,0.0
3879,50.816610270169846,-21.03977472906181,0,5.89064,0,0.0,0.0,0.0
3881,50.94773712736424,-20.720233628050416,0,5.89692,0,0.0,0.0,0.0
3883,51.076854693926336,-20.39987535686272,0,5.9032,0,0.0,0.0,0.0
3885,53.06591998232563,-20.808847551688523,0,5.90948,0,0.0,0.0,0.0
3887,53.19555227193622,-20.475185432217728,0,5.915760000000001,0,0.0,0.0,0.0
3889,54.25857936870941,-20.49406169819593,0,5.92204,0,0.0,0.0,0.0
3891,54.38621129794237,-20.15291593431497,0,5.92832,0,0.0,0.0,0.0
3893,54.51169832906896,-19.81097537428635,0,5.9346000000000005,0,0.0,0.0,0.0
3895,56.51900225492869,-20.13957258998725,0,5.940880000000001,0,0.0,0.0,0.0
3897,56.64436343361047,-19.78423845390702,0,5.94716,0,0.0,0.0,0.0
3899,56.7674906565714,-19.42812406168129,0,5.95344,0,0.0,0.0,0.0
3901,59.73279802128112,-20.024805630737937,0,5.959720000000001,0,0.0,0.0,0.0
3903,59.85737509492306,-19.64929125301176,0,5.966,0,0.0,0.0,0.0
3905,61.88370551300632,-19.88484327269167,0,5.9722800000000005,0,0.0,0.0,0.0
3907,62.961320618085935,-19.795759799173837,0,5.978560000000001,0,0.0,0.0,0.0
3909,64.04021980589418,-19.693913963779732,0,5.984839999999999,0,0.0,0.0,0.0
3911,65.12028520795208,-19.579286361738976,0,5.99112,0,0.0,0.0,0.0
3913,66.20139876418683,-19.45185856583174,0,5.997400000000001,0,0.0,0.0,0.0
3915,66.32225019869918,-19.03573294047662,0,6.003680000000001,0,0.0,0.0,0.0
3917,69.3292027809137,-19.42837208216238,0,6.00996,0,0.0,0.0,0.0
3919,70.41442622485017,-19.256390612602665,0,6.01624,0,0.0,0.0,0.0
3921,71.50018577815872,-19.07153464430141,0,6.02252,0,0.0,0.0,0.0
3923,72.58636247295172,-18.873790900221035,0,6.028800000000001,0,0.0,0.0,0.0
3925,72.70345776042335,-18.41757936533294,0,6.03508,0,0.0,0.0,0.0
3927,74.75949070258383,-18.43959191224908,0,6.04136,0,0.0,0.0,0.0
3929,76.81859083771253,-18.436488323650646,0,6.04764,0,0.0,0.0,0.0
3931,76.93285642717136,-17.95370719256163,0,6.05392,0,0.0,0.0,0.0
3933,79.96981277547633,-18.13364399824986,0,6.0602,0,0.0,0.0,0.0
3935,80.08211437570127,-17.631079295298402,0,6.06648,0,0.0,0.0,0.0
3937,83.12508417618234,-17.754446786723598,0,6.072760000000001,0,0.0,0.0,0.0
3939,85.19341144292126,-17.637535165581728,0,6.07904,0,0.0,0.0,0.0
3941,85.30249449530751,-17.102176261459626,0,6.08532,0,0.0,0.0,0.0
3943,88.35332417053588,-17.13738918319237,0,6.091600000000001,0,0.0,0.0,0.0
3945,90.42496410529743,-16.950689264913933,0,6.09788,0,0.0,0.0,0.0
3947,92.49766608060904,-16.738631056336406,0,6.10416,0,0.0,0.0,0.0
3949,92.60096001871015,-16.157419460212143,0,6.110439999999999,0,0.0,0.0,0.0
3951,95.6591317841052,-16.07266332351899,0,6.116720000000001,0,0.0,0.0,0.0
3953,96.74537887458318,-15.631112129767187,0,6.123,0,0.0,0.0,0.0
3955,98.8179937533874,-15.329843787706562,0,6.1292800000000005,0,0.0,0.0,0.0
3957,98.91231593419876,-14.708968574759089,0,6.135560000000001,0,0.0,0.0,0.0
3959,99.0027371843499,-14.087513265532062,0,6.141839999999999,0,0.0,0.0,0.0
3961,99.0892539377832,-13.465502369147558,0,6.1481200000000005,0,0.0,0.0,0.0
3963,101.15530003807602,-13.099819624972644,0,6.154400000000001,0,0.0,0.0,0.0
3965,103.2205828787461,-12.70870843838615,0,6.160680000000001,0,0.0,0.0,0.0
3967,103.2983576225108,-12.060236833987414,0,6.16696,0,0.0,0.0,0.0
3969,103.37205845771732,-11.411289594707332,0,6.17324,0,0.0,0.0,0.0
3971,103.44168247773216,-10.761892313902688,0,6.179520000000001,0,0.0,0.0,0.0
3973,103.50722693670444,-10.112070602679209,0,6.185800000000001,0,0.0,0.0,0.0
3975,103.568689249674,-9.461850088881336,0,6.19208,0,0.0,0.0,0.0
3977,103.62606699267356,-8.811256416081138,0,6.19836,0,0.0,0.0,0.0
3979,103.67935790282418,-8.160315242568068,0,6.20464,0,0.0,0.0,0.0
3981,103.72855987842456,-7.509052240335944,0,6.21092,0,0.0,0.0,0.0
3983,103.7736709790338,-6.857493094071236,0,6.2172,0,0.0,0.0,0.0
3985,103.81468942554822,-6.205663500139722,0,6.22348,0,0.0,0.0,0.0
3987,103.85161360027116,-5.553589165573267,0,6.22976,0,0.0,0.0,0.0
3989,103.88444204697709,-4.901295807055602,0,6.23604,0,0.0,0.0,0.0
3991,103.9131734709688,-4.248809149908665,0,6.24232,0,0.0,0.0,0.0
3993,103.93780673912865,-3.5961549270776607,0,6.248600000000001,0,0.0,0.0,0.0
3995,103.95834087996312,-2.94335887811639,0,6.25488,0,0.0,0.0,0.0
3997,103.97477508364126,-2.2904467481717536,0,6.26116,0,0.0,0.0,0.0
3999,103.98710870202648,-1.637444286969146,0,6.267439999999999,0,0.0,0.0,0.0
